incident_name,incident_date_created,incident_county,incident_type,incident_dateonly_created
Taglio Fire,1969-12-31T16:00:00Z,Merced,,12/31/1969
Bridge Fire,1969-12-31T16:00:00Z,Marin,,12/31/1969
Pala Fire,2009-05-24T14:56:00Z,San Diego,Wildfire,5/24/2009
River Fire,2013-02-24T08:16:00Z,Inyo,,2/24/2013
Fawnskin Fire,2013-04-20T17:30:00Z,San Bernardino,,4/20/2013
Gold Fire,2013-04-30T12:59:00Z,Madera,,4/30/2013
Silverado Fire,2013-04-30T23:44:00Z,Napa,,4/30/2013
Panther Fire,2013-05-01T09:12:00Z,Tehama,,5/1/2013
Yellow Fire,2013-05-01T02:01:00Z,Sonoma,,5/1/2013
Summit Fire,2013-05-01T12:38:00Z,Riverside,,5/1/2013
306 Fire,2013-05-01T19:00:00Z,Glenn,,5/1/2013
Tres Pinos Fire,2013-05-03T11:42:00Z,San Benito,,5/3/2013
Gorgonio Fire,2013-05-04T11:43:00Z,Riverside,,5/4/2013
Lytle Fire,2013-05-13T13:30:00Z,San Bernardino,,5/13/2013
Grand Fire,2013-05-15T12:50:00Z,"Kern, Ventura",,5/15/2013
54 Fire,2013-05-16T13:48:00Z,Riverside,,5/16/2013
Lake Fire,2013-05-17T13:23:00Z,Los Angeles,,5/17/2013
Lilly 2 Fire,2013-05-19T15:07:00Z,Madera,,5/19/2013
Cottontail Fire,2013-05-20T15:45:00Z,San Luis Obispo,,5/20/2013
Cherry Fire,2013-05-20T13:47:00Z,Riverside,,5/20/2013
Water Fire,2013-05-21T14:16:00Z,Riverside,,5/21/2013
Border Fire,2013-05-22T16:14:00Z,San Diego,,5/22/2013
San Felipe Fire,2013-05-23T12:20:00Z,San Diego,,5/23/2013
Homestead Fire,2013-05-25T17:35:00Z,San Luis Obispo,,5/25/2013
Smiley Fire,2013-05-25T14:59:00Z,Riverside,,5/25/2013
General Fire,2013-05-26T12:04:00Z,San Diego,,5/26/2013
White Fire,2013-05-27T14:45:00Z,Santa Barbara,,5/27/2013
Magic Fire,2013-05-28T11:30:00Z,Los Angeles,,5/28/2013
Olive Fire,2013-05-28T15:24:00Z,Santa Barbara,,5/28/2013
Shelton Fire,2013-05-30T11:20:00Z,San Joaquin,,5/30/2013
Powerhouse Fire,2013-05-30T15:28:00Z,Los Angeles,,5/30/2013
Branch Fire,2013-06-01T17:27:00Z,San Luis Obispo,,6/1/2013
Murphy Fire,2013-06-02T13:30:00Z,Tuolumne,,6/2/2013
Lone Fire,2013-06-03T13:49:00Z,Butte,,6/3/2013
152 Fire,2013-06-04T15:42:00Z,Merced,,6/4/2013
Lake Fire,2013-06-05T16:05:00Z,Lake,,6/5/2013
Vasco Fire,2013-06-08T10:16:00Z,Alameda,,6/8/2013
Viper Fire,2013-06-08T15:37:00Z,Riverside,,6/8/2013
Hathaway Fire,2013-06-09T12:30:00Z,Riverside,,6/9/2013
Sonoma-Lake-Napa Unit Lightning Fires,2013-06-10T00:46:00Z,"Sonoma, Solano, Lake, Colusa",,6/10/2013
Northern California Lightning Activity,2013-06-10T00:46:00Z,,,6/10/2013
Roadrunner Fire,2013-06-12T16:43:00Z,Amador,,6/12/2013
Revis Fire,2013-06-12T16:40:00Z,Madera,,6/12/2013
Clinton Fire,2013-06-13T11:54:00Z,Fresno,,6/13/2013
PFE Fire,2013-06-13T11:28:00Z,Placer,,6/13/2013
Michelle Fire,2013-06-13T15:54:00Z,Fresno,,6/13/2013
Palmyrita Fire,2013-06-14T13:47:00Z,Riverside,,6/14/2013
Carstens Fire,2013-06-16T14:12:00Z,Mariposa,,6/16/2013
Rolling Fire,2013-06-16T18:17:00Z,Madera,,6/16/2013
Sierra Fire,2013-06-17T14:41:00Z,Fresno,,6/17/2013
California Fire,2013-06-18T15:18:00Z,Solano,,6/18/2013
Mount Fire,2013-06-20T14:29:00Z,Lake,,6/20/2013
George Fire,2013-06-25T13:36:00Z,Fresno,,6/25/2013
Mills Fire,2013-06-28T14:30:00Z,San Bernardino,,6/28/2013
Freeman Fire,2013-06-29T14:09:00Z,Monterey,,6/29/2013
Concord Fire,2013-07-01T15:41:00Z,Contra Costa,,7/1/2013
Kirker Fire,2013-07-01T13:19:00Z,Contra Costa,,7/1/2013
Northern Region July Lightning,2013-07-02T12:00:00Z,,,7/2/2013
Fox Fire (formally 3-7 Fire),2013-07-03T22:56:00Z,Modoc,,7/3/2013
Vina Fire,2013-07-04T07:30:00Z,Tehama,,7/4/2013
Grant Fire,2013-07-04T10:00:00Z,Alameda,,7/4/2013
Fallon Fire,2013-07-06T13:09:00Z,Alameda,,7/6/2013
Chariot Fire,2013-07-06T12:55:00Z,San Diego,,7/6/2013
Adelaida Fire,2013-07-07T13:16:00Z,San Luis Obispo,,7/7/2013
McGanney Fire,2013-07-08T09:59:00Z,Yuba,,7/8/2013
Kyburz Fire,2013-07-08T12:45:00Z,El Dorado,,7/8/2013
Fiddler Fire,2013-07-09T11:59:00Z,Shasta,,7/9/2013
Uvas Fire,2013-07-12T13:09:00Z,Santa Clara,,7/12/2013
Diablo Fire,2013-07-12T15:35:00Z,Stanislaus,,7/12/2013
Mountain Fire,2013-07-15T13:43:00Z,Riverside,,7/15/2013
Redlands Fire,2013-07-16T17:48:00Z,Riverside,,7/16/2013
Rancho Fire,2013-07-19T12:00:00Z,Kern,,7/19/2013
Paskenta Fire,2013-07-19T13:32:00Z,Tehama,,7/19/2013
50 Fire,2013-07-19T14:12:00Z,"El Dorado, Sacramento",,7/19/2013
Heacock Fire,2013-07-19T16:21:00Z,Riverside,,7/19/2013
Gilman Fire,2013-07-19T17:31:00Z,Riverside,,7/19/2013
Aspen Fire,2013-07-22T22:15:00Z,Fresno,,7/22/2013
Chuckwagon Fire,2013-07-22T12:34:00Z,Calaveras,,7/22/2013
Water Fire,2013-07-23T09:15:00Z,Kern,,7/23/2013
Pratt Fire,2013-07-23T13:29:00Z,Mendocino,,7/23/2013
Silverwood Fire,2013-07-25T15:09:00Z,San Bernardino,,7/25/2013
Lakeville Fire,2013-07-26T13:45:00Z,Sonoma,,7/26/2013
Flume Fire,2013-07-28T09:43:00Z,San Diego,,7/28/2013
Salmon River Complex,2013-07-31T22:00:00Z,Siskiyou,,7/31/2013
Branch Fire,2013-08-01T16:01:00Z,Butte,,8/1/2013
Orleans Complex,2013-08-03T08:00:00Z,Humboldt,,8/3/2013
Relay Fire,2013-08-04T16:29:00Z,Riverside,,8/4/2013
Power Fire,2013-08-05T06:00:00Z,Tuolumne,,8/5/2013
Falls Fire,2013-08-05T10:10:00Z,Riverside,,8/5/2013
Tram Fire,2013-08-06T13:39:00Z,Riverside,,8/6/2013
Indian Fire,2013-08-07T12:35:00Z,Lake,,8/7/2013
Silver Fire,2013-08-07T14:05:00Z,Riverside,,8/7/2013
Sharp Fire,2013-08-08T12:15:00Z,San Bernardino,,8/8/2013
Coyote Fire,2013-08-09T15:51:00Z,Lassen,,8/9/2013
Corral Complex,2013-08-10T11:40:00Z,Humboldt,,8/10/2013
American Fire,2013-08-10T16:30:00Z,Placer,,8/10/2013
Cloverdale Fire,2013-08-14T15:37:00Z,Shasta,,8/14/2013
Cottonwood Fire,2013-08-15T14:40:00Z,Siskiyou,,8/15/2013
Union Fire,2013-08-16T13:55:00Z,El Dorado,,8/16/2013
Swedes Fire,2013-08-16T16:37:00Z,Butte,,8/16/2013
Pierce Fire,2013-08-16T13:31:00Z,Riverside,,8/16/2013
Double Fire,2013-08-16T17:57:00Z,Lake,,8/16/2013
Bridges Fire,2013-08-17T10:11:00Z,Calaveras,,8/17/2013
Cleghorn Fire,2013-08-17T17:25:00Z,San Bernardino,,8/17/2013
Rim Fire,2013-08-17T15:25:00Z,Tuolumne,,8/17/2013
Plumas Lightning Complex (Hough),2013-08-18T18:30:00Z,Plumas,,8/18/2013
Shirley Fire,2013-08-18T23:12:00Z,Kern,,8/18/2013
Burney Lightning Series (Warner Fire),2013-08-19T17:48:00Z,Shasta,,8/19/2013
Gobblers Fire,2013-08-20T13:32:00Z,San Bernardino,,8/20/2013
Deer Fire,2013-08-23T14:15:00Z,Tehama,,8/23/2013
Fish Fire,2013-08-24T14:31:00Z,Tulare,,8/24/2013
Empire Fire,2013-08-24T14:54:00Z,El Dorado,,8/24/2013
Little Fire,2013-08-24T15:09:00Z,San Bernardino,,8/24/2013
Tyler Fire,2013-08-31T14:42:00Z,Nevada,,8/31/2013
Centerville Fire,2013-08-31T17:23:00Z,Butte,,8/31/2013
Davis Creek Complex,2013-09-05T15:57:00Z,Modoc,,9/5/2013
Chestnut Fire,2013-09-07T13:55:00Z,San Mateo,,9/7/2013
Rail Fire,2013-09-07T17:30:00Z,Modoc,,9/7/2013
Morgan Fire,2013-09-08T13:08:00Z,Contra Costa,,9/8/2013
Angora Fire,2013-09-08T11:53:00Z,Tulare,,9/8/2013
Clover Fire,2013-09-09T12:32:00Z,Shasta,,9/9/2013
Lyon Fire,2013-09-09T13:09:00Z,San Diego,,9/9/2013
Liveoak Fire,2013-09-11T16:57:00Z,San Bernardino,,9/11/2013
Lakeshore Fire,2013-09-15T19:45:00Z,Lake,,9/15/2013
Madre Fire,2013-09-23T18:00:00Z,Los Angeles,,9/23/2013
Sierra Fire,2013-09-24T15:51:00Z,San Bernardino,,9/24/2013
Creek Fire,2013-09-24T03:20:00Z,San Luis Obispo,,9/24/2013
Highland Fire,2013-09-28T13:57:00Z,Mendocino,,9/28/2013
Putah Fire,2013-10-03T20:33:00Z,Napa,,10/3/2013
Crane Fire,2013-10-04T12:25:00Z,Sonoma,,10/4/2013
Summit Fire,2013-10-04T17:37:00Z,Butte,,10/4/2013
DeLuz Fire,2013-10-05T12:45:00Z,San Diego,,10/5/2013
Baker Fire,2013-10-06T10:52:00Z,Orange,,10/6/2013
Capay Fire,2013-11-04T11:41:00Z,Yolo,,11/4/2013
Dersch Fire,2013-11-07T16:10:00Z,Shasta,,11/7/2013
Toro Fire,2013-11-08T10:30:00Z,San Luis Obispo,,11/8/2013
Cantwell Fire,2013-11-08T13:42:00Z,Lake,,11/8/2013
Wheeler Fire,2013-11-14T11:05:00Z,Ventura,,11/14/2013
Silverado Fire,2013-11-21T21:39:00Z,Napa,,11/21/2013
Retek Fire,2013-11-22T10:06:00Z,Mendocino,,11/22/2013
McCabe Fire,2013-11-22T02:04:00Z,Sonoma,,11/22/2013
Bruner Fire,2013-11-23T12:04:00Z,Lake,,11/23/2013
Dam Fire,2013-11-23T14:17:00Z,Lake,,11/23/2013
Grant Fire,2013-12-31T05:30:00Z,Santa Clara,,12/31/2013
Campbell Fire,2014-01-02T20:00:00Z,Tehama,,1/2/2014
Red Fire,2014-01-04T12:00:00Z,Humboldt,,1/4/2014
Colby Fire,2014-01-16T05:50:00Z,Los Angeles,,1/16/2014
Lake Fire,2014-01-25T06:37:00Z,Fresno,,1/25/2014
Gun Fire,2014-03-08T12:30:00Z,San Diego,,3/8/2014
Encinal Fire,2014-03-19T16:45:00Z,Monterey,,3/19/2014
Van Buren Fire,2014-03-28T14:31:00Z,Riverside,,3/28/2014
Bridges Fire,2014-04-19T15:54:00Z,Inyo,,4/19/2014
Etiwanda Fire,2014-04-30T08:00:00Z,San Bernardino,,4/30/2014
San Lucas Fire,2014-04-30T14:25:00Z,Monterey,,4/30/2014
Jacumba Fire,2014-05-05T16:36:00Z,San Diego,,5/5/2014
Bernardo Fire,2014-05-13T11:00:00Z,San Diego,,5/13/2014
Miguelito Fire,2014-05-13T14:00:00Z,Santa Barbara,,5/13/2014
Tomahawk Fire,2014-05-14T09:45:00Z,San Diego,,5/14/2014
Highway Fire,2014-05-14T13:00:00Z,San Diego,,5/14/2014
Fiddler Fire,2014-05-14T14:00:00Z,Shasta,,5/14/2014
Cocos Fire,2014-05-14T16:00:00Z,San Diego,,5/14/2014
Poinsettia Fire,2014-05-14T10:30:00Z,San Diego,,5/14/2014
San Mateo Fire,2014-05-16T11:24:00Z,San Diego,,5/16/2014
Indian Fire,2014-05-25T12:20:00Z,Lake,,5/25/2014
59 Fire,2014-06-04T11:45:00Z,Tuolumne,,6/4/2014
Hetch Hetchy Fire,2014-06-05T13:04:00Z,Tuolumne,,6/5/2014
Morgan Fire,2014-06-09T15:15:00Z,Fresno,,6/9/2014
Haigh Fire,2014-06-10T15:11:00Z,Mariposa,,6/10/2014
Hall Fire,2014-06-11T07:30:00Z,Fresno,,6/11/2014
Norman Fire,2014-06-12T14:29:00Z,Solano,,6/12/2014
Shirley Fire,2014-06-13T17:00:00Z,Kern,,6/13/2014
Tehama Fire,2014-06-13T12:23:00Z,Tehama,,6/13/2014
Reed Fire,2014-06-20T15:27:00Z,Calaveras,,6/20/2014
Oak Fire,2014-06-22T12:37:00Z,Calaveras,,6/22/2014
Butts Fire,2014-07-01T12:08:00Z,"Napa, Lake",,7/1/2014
Modoc Lightning Complex,2014-07-01T19:00:00Z,Modoc,,7/1/2014
West Fire,2014-07-01T03:45:00Z,Trinity,,7/1/2014
Gulch Fire,2014-07-03T15:46:00Z,Modoc,,7/3/2014
Banner Fire,2014-07-03T10:43:00Z,San Diego,,7/3/2014
Monticello Fire,2014-07-04T21:32:00Z,Yolo,,7/4/2014
Cassel Fire,2014-07-05T18:44:00Z,Shasta,,7/5/2014
Interlake Fire,2014-07-07T16:12:00Z,San Luis Obispo,,7/7/2014
Hutto Fire,2014-07-07T16:35:00Z,Nevada,,7/7/2014
Bible Fire,2014-07-09T14:34:00Z,El Dorado,,7/9/2014
Dry Fire,2014-07-09T13:45:00Z,Shasta,,7/9/2014
Bully Fire,2014-07-11T15:37:00Z,Shasta,,7/11/2014
Marsh Fire,2014-07-11T21:57:00Z,Contra Costa,,7/11/2014
Nicolls Fire ,2014-07-11T13:46:00Z,Kern,,7/11/2014
Wildlife Fire,2014-07-14T18:00:00Z,Butte,,7/14/2014
Sand Fire,2014-07-25T16:34:00Z,"Amador, El Dorado",Wildfire,7/25/2014
Bald Fire,2014-07-30T20:15:00Z,Shasta,,7/30/2014
Day Fire,2014-07-30T19:01:00Z,Modoc,,7/30/2014
Oregon Gulch Fire (part of the Beaver Complex),2014-07-30T23:00:00Z,Siskiyou,,7/30/2014
Coffee Fire,2014-07-30T20:30:00Z,Shasta,,7/30/2014
Eiler Fire,2014-07-31T18:04:00Z,Shasta,,7/31/2014
Little Deer Fire,2014-07-31T17:45:00Z,Siskiyou,,7/31/2014
Happy Camp Complex,2014-08-11T22:00:00Z,Siskiyou,,8/11/2014
Little Fire,2014-08-12T15:00:00Z,Modoc,,8/12/2014
Shoemaker Fire,2014-08-14T12:48:00Z,Los Angeles,,8/14/2014
Border Fire,2014-08-16T16:22:00Z,San Diego,,8/16/2014
Tecolote Fire,2014-08-17T14:30:00Z,Los Angeles,,8/17/2014
Junction Fire,2014-08-18T13:50:00Z,Madera,,8/18/2014
Boca Fire,2014-08-18T10:00:00Z,Nevada,,8/18/2014
Way Fire,2014-08-18T14:30:00Z,Kern,,8/18/2014
Oregon Fire,2014-08-24T16:36:00Z,Trinity,,8/24/2014
Pines Fire,2014-08-26T16:23:00Z,Madera,,8/26/2014
Leopard Fire,2014-08-29T12:21:00Z,Shasta,,8/29/2014
Jackson Fire,2014-09-04T11:51:00Z,Tuolumne,,9/4/2014
Gulch Fire,2014-09-10T00:30:00Z,Shasta,,9/10/2014
Stage Coach Fire,2014-09-11T15:14:00Z,Napa,,9/11/2014
Bald Hill 3 Fire,2014-09-12T15:00:00Z,Humboldt,,9/12/2014
Silverado Fire,2014-09-12T10:30:00Z,Orange,,9/12/2014
King Fire,2014-09-13T16:32:00Z,El Dorado,,9/13/2014
Dog Bar Fire,2014-09-13T14:07:00Z,Nevada,,9/13/2014
Courtney Fire,2014-09-14T13:36:00Z,Madera,,9/14/2014
Irene Fire,2014-09-14T09:15:00Z,El Dorado,,9/14/2014
Boles Fire,2014-09-15T13:38:00Z,Siskiyou,,9/15/2014
Cascade Fire,2014-09-25T18:00:00Z,El Dorado,,9/25/2014
Dog Rock Fire,2014-10-07T15:05:00Z,Mariposa,,10/7/2014
Bane Fire,2014-10-16T14:34:00Z,San Bernardino,,10/16/2014
Stephens Fire,2015-02-24T12:15:00Z,Siskiyou,,2/24/2015
Ward Fire,2015-04-13T05:30:00Z,Plumas,,4/13/2015
Highway Fire,2015-04-18T18:12:00Z,Riverside,,4/18/2015
Forebay Fire,2015-05-11T10:26:00Z,Merced,,5/11/2015
Bald Fire,2015-06-10T07:42:00Z,Humboldt,,6/10/2015
Saddle Fire ,2015-06-10T15:00:00Z,Trinity,,6/10/2015
Pass Fire,2015-06-15T15:46:00Z,Kern,,6/15/2015
Chiles Fire,2015-06-16T14:27:00Z,Napa,,6/16/2015
North Fire,2015-06-16T16:42:00Z,Amador,,6/16/2015
Fork Fire,2015-06-17T12:50:00Z,Tehama,,6/17/2015
Wildcat Fire,2015-06-17T17:03:00Z,San Diego,,6/17/2015
Lake Fire,2015-06-17T15:52:00Z,San Bernardino,,6/17/2015
Cook Fire,2015-06-18T13:07:00Z,Yuba,,6/18/2015
Corrine Fire,2015-06-18T21:00:00Z,Madera,,6/18/2015
Dixie Fire,2015-06-19T16:15:00Z,Lassen,,6/19/2015
Washington Fire,2015-06-19T19:00:00Z,Alpine,,6/19/2015
Red Fire,2015-06-21T12:08:00Z,Madera,,6/21/2015
Loma Fire,2015-06-24T16:15:00Z,,,6/24/2015
Calgrove Fire ,2015-06-24T13:22:00Z,Los Angeles,,6/24/2015
Sterling Fire,2015-06-25T18:30:00Z,San Bernardino,,6/25/2015
Otay Fire,2015-06-26T16:06:00Z,San Diego,,6/26/2015
Pleasure Fire,2015-06-27T12:51:00Z,Napa,,6/27/2015
Covelo Fire,2015-06-28T13:30:00Z,Mendocino,,6/28/2015
Black Fire,2015-07-04T16:33:00Z,Tehama,,7/4/2015
Soda Fire,2015-07-04T15:30:00Z,Mendocino,,7/4/2015
Sky Fire,2015-07-06T10:47:00Z,Solano,,7/6/2015
Keswick Fire,2015-07-07T12:34:00Z,Shasta,,7/7/2015
Ascot Fire,2015-07-10T13:36:00Z,Solano,,7/10/2015
Deer Fire,2015-07-10T12:41:00Z,San Luis Obispo,,7/10/2015
Mill 2 Fire,2015-07-12T14:46:00Z,San Bernardino,,7/12/2015
Spider Fire,2015-07-12T13:52:00Z,Riverside,,7/12/2015
241 Fire,2015-07-13T10:47:00Z,Orange,,7/13/2015
Cooley Fire,2015-07-13T17:56:00Z,Siskiyou,,7/13/2015
Lake Fire,2015-07-16T11:30:00Z,San Diego,,7/16/2015
North Fire,2015-07-17T14:33:00Z,San Bernardino,,7/17/2015
Pines Fire ,2015-07-17T21:30:00Z,Los Angeles,,7/17/2015
Cabin Fire,2015-07-19T08:00:00Z,Tulare,,7/19/2015
Betabel Fire,2015-07-20T13:23:00Z,San Benito,,7/20/2015
Triple Fire,2015-07-21T12:35:00Z,Tulare,,7/21/2015
Dorris Fire,2015-07-21T17:00:00Z,Siskiyou,,7/21/2015
Wragg Fire,2015-07-22T14:24:00Z,,,7/22/2015
Baxter Fire,2015-07-22T18:17:00Z,Placer,,7/22/2015
Kyburz Fire,2015-07-23T14:00:00Z,El Dorado,,7/23/2015
3-11 Fire,2015-07-23T16:40:00Z,Modoc,,7/23/2015
3-12 Fire,2015-07-23T17:30:00Z,Modoc,,7/23/2015
Cutca Fire,2015-07-24T16:18:00Z,San Diego,,7/24/2015
Park Fire,2015-07-24T12:43:00Z,San Diego,,7/24/2015
Queen Fire,2015-07-24T23:00:00Z,Humboldt,,7/24/2015
Lowell Fire,2015-07-25T14:37:00Z,Nevada,,7/25/2015
Willow Fire,2015-07-25T14:30:00Z,Madera,,7/25/2015
Sullivan Fire,2015-07-28T12:10:00Z,Stanislaus,,7/28/2015
Buck Fire,2015-07-28T17:19:00Z,Humboldt,,7/28/2015
Swedes Fire,2015-07-29T11:25:00Z,Butte,,7/29/2015
Rocky Fire,2015-07-29T15:29:00Z,Lake,,7/29/2015
Mallard Fire,2015-07-29T16:30:00Z,Shasta,,7/29/2015
China Fire,2015-07-29T17:55:00Z,Shasta,,7/29/2015
Big Creek Fire,2015-07-29T16:30:00Z,Tuolumne,,7/29/2015
Vasco Fire,2015-07-30T11:18:00Z,Contra Costa,,7/30/2015
Sprig Fire,2015-07-30T12:57:00Z,Shasta,,7/30/2015
Advance Fire,2015-07-30T12:40:00Z,Tulare,,7/30/2015
Mendocino Lightning Fires,2015-07-30T13:36:00Z,Mendocino,,7/30/2015
Frog Fire,2015-07-30T17:45:00Z,Modoc,,7/30/2015
Rough Fire ,2015-07-31T19:00:00Z,Fresno,,7/31/2015
White Fire,2015-08-01T14:32:00Z,Santa Barbara,,8/1/2015
Fern Fire,2015-08-02T03:00:00Z,Shasta,,8/2/2015
Francis Fire,2015-08-03T18:07:00Z,Yuba,,8/3/2015
Point Fire,2015-08-03T14:28:00Z,Shasta,,8/3/2015
Dodge Fire,2015-08-03T14:15:00Z,Lassen,,8/3/2015
36 Fire,2015-08-08T14:55:00Z,Tehama,,8/8/2015
De Luz Fire,2015-08-09T08:22:00Z,San Diego,,8/9/2015
Jerusalem Fire,2015-08-09T15:34:00Z,"Lake, Napa",,8/9/2015
Anza Fire,2015-08-10T11:44:00Z,Riverside,,8/10/2015
Mark Fire,2015-08-13T16:15:00Z,Calaveras,,8/13/2015
Tulloch Fire,2015-08-15T16:11:00Z,Tuolumne,,8/15/2015
Cuesta Fire,2015-08-16T18:13:00Z,San Luis Obispo,,8/16/2015
Horse Fire,2015-08-18T18:30:00Z,Humboldt,,8/18/2015
Tesla Fire,2015-08-19T14:45:00Z,Alameda,,8/19/2015
Peterson Fire,2015-08-22T17:30:00Z,Lake,,8/22/2015
Summit Fire,2015-08-23T12:25:00Z,San Bernardino,,8/23/2015
Grade Fire,2015-08-24T12:12:00Z,Lake,,8/24/2015
Democrat Fire,2015-08-25T14:08:00Z,Trinity,,8/25/2015
Kramer Fire ,2015-08-29T16:06:00Z,Lassen,,8/29/2015
Elk Fire,2015-09-02T14:57:00Z,Lake,,9/2/2015
Olive Fire,2015-09-02T13:18:00Z,Butte,,9/2/2015
Oak Fire,2015-09-08T13:23:00Z,Tuolumne,,9/8/2015
Browns Fire,2015-09-08T15:56:00Z,Trinity,,9/8/2015
Center Fire,2015-09-09T14:12:00Z,Lassen,,9/9/2015
Creek Fire,2015-09-09T14:30:00Z,Fresno,,9/9/2015
Butte Fire,2015-09-09T14:26:00Z,,,9/9/2015
Lumpkin Fire,2015-09-11T14:15:00Z,Butte,,9/11/2015
Walker Fire,2015-09-11T15:08:00Z,Shasta,,9/11/2015
Tassajara Fire,2015-09-19T15:00:00Z,Monterey,,9/19/2015
Laureles Fire,2015-09-19T15:25:00Z,Monterey,,9/19/2015
McCourtney Fire,2015-09-22T07:00:00Z,Nevada,,9/22/2015
Munjar Fire,2015-10-02T14:38:00Z,Butte,,10/2/2015
Cienega Fire,2015-10-12T16:00:00Z,San Benito,,10/12/2015
Gibraltar Fire,2015-10-29T05:30:00Z,Santa Barbara,,10/29/2015
Potrero Fire,2015-11-07T01:45:00Z,Ventura,,11/7/2015
Solimar Fire,2015-12-25T22:42:00Z,,,12/25/2015
Gorman Fire,2016-04-19T13:09:00Z,Los Angeles,,4/19/2016
Taglio Fire,2016-04-24T11:10:00Z,Merced,,4/24/2016
Shedd Fire,2016-05-10T16:11:00Z,San Luis Obispo,,5/10/2016
Bryson Fire,2016-05-12T14:13:00Z,Monterey,,5/12/2016
Avocado Fire,2016-05-15T16:38:00Z,Fresno,,5/15/2016
Athens Fire,2016-05-17T15:06:00Z,Placer,,5/17/2016
Metz Fire,2016-05-22T15:27:00Z,Monterey,,5/22/2016
Wheatland Fire,2016-05-23T14:15:00Z,Los Angeles,,5/23/2016
DeWolf Fire,2016-05-25T01:03:00Z,Fresno,,5/25/2016
Dunstone Fire,2016-05-27T13:43:00Z,Butte,,5/27/2016
70 Fire,2016-05-29T16:51:00Z,Butte,,5/29/2016
Tulloch Fire,2016-05-30T15:10:00Z,Tuolumne,,5/30/2016
Pala Fire,2016-05-31T13:48:00Z,San Diego,,5/31/2016
Chimney Fire,2016-06-01T15:35:00Z,Tulare,,6/1/2016
Aukum Fire,2016-06-03T12:41:00Z,El Dorado,,6/3/2016
Hidden Fire,2016-06-03T17:39:00Z,San Benito,,6/3/2016
Clay Fire,2016-06-03T16:57:00Z,Sacramento,,6/3/2016
Temecula Fire,2016-06-04T11:40:00Z,Riverside,,6/4/2016
Coleman Fire,2016-06-04T14:33:00Z,Monterey,,6/4/2016
Soda Fire,2016-06-04T17:46:00Z,San Luis Obispo,,6/4/2016
Coe Fire,2016-06-07T16:30:00Z,Stanislaus,,6/7/2016
Pony Fire,2016-06-07T02:45:00Z,Siskiyou,,6/7/2016
Keswick Fire,2016-06-11T16:02:00Z,Shasta,,6/11/2016
Hoag Fire,2016-06-11T14:30:00Z,Tehama,,6/11/2016
Cotton Fire,2016-06-11T15:04:00Z,Kern,,6/11/2016
Old Fire,2016-06-12T12:45:00Z,San Benito,,6/12/2016
Sherpa Fire,2016-06-15T15:21:00Z,Santa Barbara,,6/15/2016
Camanche Fire,2016-06-17T14:54:00Z,Amador,,6/17/2016
Arroyo Fire,2016-06-18T16:47:00Z,Monterey,,6/18/2016
Border Fire,2016-06-19T11:03:00Z,San Diego,,6/19/2016
Coal Fire,2016-06-20T16:38:00Z,Butte,,6/20/2016
Paskenta Fire,2016-06-21T10:26:00Z,Tehama,,6/21/2016
Moore Fire,2016-06-21T12:24:00Z,Placer,,6/21/2016
70 Fire,2016-06-21T15:09:00Z,Butte,,6/21/2016
Erskine Fire,2016-06-23T15:51:00Z,Kern,,6/23/2016
Lowe Fire,2016-06-23T17:57:00Z,Monterey,,6/23/2016
Dinosaur Fire,2016-06-25T23:45:00Z,Merced,,6/25/2016
Grant Fire,2016-06-25T16:11:00Z,Alameda,,6/25/2016
Marina Fire,2016-06-25T06:30:00Z,Mono,,6/25/2016
Creek Fire,2016-06-26T15:45:00Z,Yolo,,6/26/2016
Laguna Fire,2016-06-26T13:10:00Z,Orange,,6/26/2016
Reservoir Fire,2016-06-26T16:00:00Z,Lake,,6/26/2016
Frazier Fire,2016-06-27T12:07:00Z,San Luis Obispo,,6/27/2016
Campo Fire,2016-06-27T18:00:00Z,Calaveras,,6/27/2016
Trailhead Fire,2016-06-28T13:55:00Z,"El Dorado, Placer",,6/28/2016
Rancho Fire,2016-06-28T19:02:00Z,Amador,,6/28/2016
Colyear Fire,2016-06-30T13:32:00Z,Tehama,,6/30/2016
Pine Fire,2016-06-30T16:55:00Z,Ventura,,6/30/2016
Deer Fire,2016-07-01T14:05:00Z,Kern,,7/1/2016
Flores Fire,2016-07-01T13:54:00Z,Tehama,,7/1/2016
Curry Fire,2016-07-01T17:16:00Z,Fresno,,7/1/2016
Lone Pine Fire,2016-07-01T12:56:00Z,Inyo,,7/1/2016
Kuehner Fire,2016-07-01T14:00:00Z,Ventura,,7/1/2016
Appaloosa Fire,2016-07-02T14:55:00Z,Calaveras,,7/2/2016
Frame Fire,2016-07-04T17:15:00Z,Fresno,,7/4/2016
Broken Fire,2016-07-04T11:53:00Z,Madera,,7/4/2016
Fort Fire,2016-07-08T11:15:00Z,Kern,,7/8/2016
Fiddler Fire,2016-07-08T22:45:00Z,Shasta,,7/8/2016
Sage Fire,2016-07-09T12:04:00Z,Los Angeles,,7/9/2016
Mercury Fire,2016-07-09T12:43:00Z,San Benito,,7/9/2016
Scott Fire,2016-07-10T15:30:00Z,Sacramento,,7/10/2016
Big Fire,2016-07-11T14:30:00Z,Fresno,,7/11/2016
Shelter Fire,2016-07-11T12:58:00Z,Ventura,,7/11/2016
Pacheco Fire,2016-07-12T13:14:00Z,Calaveras,,7/12/2016
Stagecoach Fire,2016-07-12T15:19:00Z,Calaveras,,7/12/2016
Onyx Fire,2016-07-13T17:08:00Z,Kern,,7/13/2016
Sherwood Fire,2016-07-13T15:52:00Z,Ventura,,7/13/2016
Dunnigan Fire,2016-07-15T14:00:00Z,Yolo,,7/15/2016
Famoso Fire,2016-07-15T23:55:00Z,Kern,,7/15/2016
Green Fire,2016-07-15T16:45:00Z,Fresno,,7/15/2016
Feather Fire,2016-07-18T13:08:00Z,San Diego,,7/18/2016
Foothill Fire,2016-07-19T17:16:00Z,Lake,,7/19/2016
Bailey Fire,2016-07-19T14:09:00Z,Siskiyou,,7/19/2016
Baker Fire,2016-07-21T15:06:00Z,Calaveras,,7/21/2016
Roblar Fire,2016-07-21T16:06:00Z,San Diego,,7/21/2016
Table Fire,2016-07-21T20:30:00Z,Siskiyou,,7/21/2016
Oak Fire,2016-07-22T13:01:00Z,Solano,,7/22/2016
Bradley Fire,2016-07-22T15:15:00Z,Monterey,,7/22/2016
Soberanes Fire,2016-07-22T08:48:00Z,Monterey,,7/22/2016
Storksbill Fire,2016-07-22T13:15:00Z,El Dorado,,7/22/2016
Rock Fire,2016-07-22T14:47:00Z,San Diego,,7/22/2016
Franklin Fire,2016-07-24T16:30:00Z,Contra Costa,,7/24/2016
Fork Fire,2016-07-29T17:55:00Z,Madera,,7/29/2016
Goose Fire,2016-07-30T16:40:00Z,Fresno,,7/30/2016
Frymire Fire,2016-07-30T17:25:00Z,Tuolumne,,7/30/2016
Sierra Fire,2016-07-30T17:25:00Z,Santa Clara,,7/30/2016
99 Fire,2016-08-02T14:35:00Z,Butte,,8/2/2016
Cold Fire,2016-08-02T16:36:00Z,Yolo,,8/2/2016
Baker Fire,2016-08-03T17:27:00Z,Tehama,,8/3/2016
Hart Fire,2016-08-04T17:10:00Z,Kern,,8/4/2016
Grub Fire,2016-08-04T14:13:00Z,Madera,,8/4/2016
Deer Fire,2016-08-05T13:49:00Z,Amador,,8/5/2016
Pilot Fire,2016-08-07T12:18:00Z,San Bernardino,,8/7/2016
Kugelman Fire,2016-08-09T17:30:00Z,Lake,,8/9/2016
Knoxville Fire,2016-08-09T18:50:00Z,Lake,,8/9/2016
Mineral Fire,2016-08-09T13:08:00Z,Fresno,,8/9/2016
Mountain Fire,2016-08-09T12:14:00Z,Shasta,,8/9/2016
Gopher Fire,2016-08-10T09:14:00Z,San Diego,,8/10/2016
Stafford Fire,2016-08-11T14:57:00Z,Humboldt,,8/11/2016
Oak Fire,2016-08-12T16:00:00Z,Santa Clara,,8/12/2016
Summit Fire,2016-08-12T17:23:00Z,Humboldt,,8/12/2016
Chimney Fire,2016-08-13T16:03:00Z,San Luis Obispo,,8/13/2016
Clayton Fire,2016-08-13T18:03:00Z,Lake,,8/13/2016
Blue Cut Fire,2016-08-16T10:44:00Z,San Bernardino,,8/16/2016
Cedar Fire,2016-08-16T16:35:00Z,Kern,,8/16/2016
Mokelumne Fire,2016-08-18T12:05:00Z,Alpine,,8/18/2016
Beale Fire,2016-08-18T15:35:00Z,Yuba,,8/18/2016
Bird Fire,2016-08-20T08:35:00Z,San Joaquin,,8/20/2016
Tully Fire,2016-08-22T16:03:00Z,Humboldt,,8/22/2016
Tule Fire,2016-08-22T22:00:00Z,Tulare,,8/22/2016
Grade Fire,2016-08-24T14:55:00Z,Siskiyou,,8/24/2016
Santos Fire,2016-08-26T15:30:00Z,Butte,,8/26/2016
Range Fire,2016-08-26T10:10:00Z,Kern,,8/26/2016
Gap Fire,2016-08-27T18:00:00Z,Siskiyou,,8/27/2016
Havilah Fire,2016-08-28T18:50:00Z,Kern,,8/28/2016
Willow Fire,2016-08-28T13:07:00Z,Calaveras,,8/28/2016
Mina Fire,2016-08-30T13:35:00Z,Mendocino,,8/30/2016
Mockingbird Fire,2016-08-30T16:54:00Z,Lake,,8/30/2016
Holy Fire,2016-08-31T04:10:00Z,Orange,,8/31/2016
Oak Fire,2016-09-01T14:36:00Z,Santa Clara,,9/1/2016
Ken Fire,2016-09-03T21:51:00Z,San Bernardino,,9/3/2016
Sunny Fire,2016-09-03T14:44:00Z,Fresno,,9/3/2016
Saddle Fire,2016-09-05T16:28:00Z,Butte,,9/5/2016
Spring Fire,2016-09-07T16:53:00Z,San Bernardino,,9/7/2016
Phoenix Fire,2016-09-07T15:09:00Z,Nevada,,9/7/2016
Ruff Fire ,2016-09-10T14:06:00Z,Mendocino,,9/10/2016
Lake Fire,2016-09-10T15:45:00Z,Shasta,,9/10/2016
Boys Fire,2016-09-11T11:25:00Z,Sacramento,,9/11/2016
Willard Fire,2016-09-11T11:33:00Z,Lassen,,9/11/2016
Howard Fire,2016-09-11T14:15:00Z,Modoc,,9/11/2016
Moffett Fire,2016-09-12T16:28:00Z,Siskiyou,,9/12/2016
Hog Fire,2016-09-13T23:10:00Z,Tehama,,9/13/2016
Old Fire,2016-09-13T13:55:00Z,Del Norte,,9/13/2016
Old Fire,2016-09-16T23:28:00Z,Butte,,9/16/2016
Auburn Fire,2016-09-17T13:40:00Z,Nevada,,9/17/2016
Owens River Fire,2016-09-17T13:49:00Z,Inyo,,9/17/2016
Soup Complex,2016-09-17T14:37:00Z,Modoc,,9/17/2016
Canyon Fire,2016-09-17T17:20:00Z,Santa Barbara,,9/17/2016
Butte Fire,2016-09-20T09:30:00Z,Sutter,,9/20/2016
Washington Fire,2016-09-22T14:20:00Z,Santa Barbara,,9/22/2016
Bangor Fire,2016-09-22T11:45:00Z,Butte,,9/22/2016
Bell Fire,2016-09-23T13:12:00Z,Amador,,9/23/2016
Newmark Fire,2016-09-23T12:40:00Z,Fresno,,9/23/2016
Cow Fire,2016-09-25T07:15:00Z,Shasta,,9/25/2016
Sawmill Fire,2016-09-25T10:43:00Z,Sonoma,,9/25/2016
Marshes Fire,2016-09-26T12:20:00Z,Tuolumne,,9/26/2016
Tobin Fire,2016-09-26T13:23:00Z,Plumas,,9/26/2016
Loma Fire,2016-09-26T14:42:00Z,Santa Clara,,9/26/2016
Creek Fire,2016-10-10T16:13:00Z,Napa,,10/10/2016
Sacata Fire,2016-10-11T12:58:00Z,Fresno,,10/11/2016
Emerald Fire,2016-10-14T01:28:00Z,El Dorado,,10/14/2016
Jacobson Fire,2016-10-20T17:00:00Z,Tulare,,10/20/2016
Meadow Fire,2016-10-29T11:15:00Z,Tulare,,10/29/2016
Gopher Fire,2016-11-13T11:14:00Z,San Diego,,11/13/2016
Marek Fire,2016-11-14T05:45:00Z,Los Angeles,,11/14/2016
Oroville Spillway ,2017-02-07T14:00:00Z,Butte,,2/7/2017
Grace Fire,2017-04-03T16:00:00Z,Shasta,,4/3/2017
West Fire,2017-04-03T16:00:00Z,Modoc,,4/3/2017
66 Fire,2017-04-13T02:30:00Z,Riverside,,4/13/2017
Jayne Fire,2017-04-20T15:40:00Z,Fresno,,4/20/2017
Soledad Fire,2017-04-24T12:06:00Z,Monterey,,4/24/2017
El Dorado Fire,2017-04-28T15:40:00Z,Fresno,,4/28/2017
Tumey Fire,2017-04-29T17:15:00Z,Fresno,,4/29/2017
Tower Fire,2017-04-30T16:03:00Z,San Bernardino,,4/30/2017
Opera Fire,2017-04-30T15:23:00Z,Riverside,,4/30/2017
Jameson Fire,2017-04-30T19:43:00Z,Riverside,,4/30/2017
Fay Fire,2017-05-01T12:44:00Z,Kern,,5/1/2017
Olive Fire,2017-05-02T14:32:00Z,San Luis Obispo,,5/2/2017
Shandon Fire,2017-05-07T16:41:00Z,San Luis Obispo,,5/7/2017
Sonoma Fire,2017-05-10T15:27:00Z,Fresno,,5/10/2017
Hub Fire,2017-05-12T05:05:00Z,Kern,,5/12/2017
Wright Fire,2017-05-12T15:30:00Z,Merced,,5/12/2017
Nacimiento Fire,2017-05-14T12:00:00Z,Monterey,,5/14/2017
Canyon Fire,2017-05-14T12:51:00Z,Riverside,,5/14/2017
Feed Fire,2017-05-14T14:00:00Z,Kern,,5/14/2017
Arrow Fire,2017-05-15T13:58:00Z,San Luis Obispo,,5/15/2017
Bravo Fire,2017-05-15T14:05:00Z,Kern,,5/15/2017
Pine Fire,2017-05-16T16:10:00Z,Monterey,,5/16/2017
Lonoak Fire,2017-05-17T15:18:00Z,Monterey,,5/17/2017
41 Fire,2017-05-17T15:30:00Z,Madera,,5/17/2017
Camp Fire,2017-05-18T08:48:00Z,San Luis Obispo,,5/18/2017
Elm Fire,2017-05-18T13:11:00Z,Fresno,,5/18/2017
City Fire,2017-05-18T12:54:00Z,Kings,,5/18/2017
Moraga Fire,2017-05-18T17:25:00Z,Riverside,,5/18/2017
Manning Fire,2017-05-19T23:28:00Z,Fresno,,5/19/2017
Range Fire,2017-05-19T13:10:00Z,San Luis Obispo,,5/19/2017
Deluz Fire,2017-05-19T14:45:00Z,San Diego,,5/19/2017
Gate Fire,2017-05-20T23:19:00Z,San Diego,,5/20/2017
Rocky Fire,2017-05-20T13:11:00Z,San Luis Obispo,,5/20/2017
Ming Fire,2017-05-20T14:23:00Z,Kern,,5/20/2017
Wasioja Fire,2017-05-20T17:54:00Z,Santa Barbara,,5/20/2017
Smiley Fire,2017-05-21T16:12:00Z,Riverside,,5/21/2017
Bitterwater Fire,2017-05-22T04:50:00Z,San Benito,,5/22/2017
Moreno Fire,2017-05-23T13:13:00Z,Riverside,,5/23/2017
Ribbonwood Fire,2017-05-24T15:30:00Z,San Diego,,5/24/2017
Range Fire,2017-05-25T18:15:00Z,San Diego,,5/25/2017
Lamb Fire,2017-05-25T14:48:00Z,Riverside,,5/25/2017
Champagne Fire,2017-05-28T10:59:00Z,Kern,,5/28/2017
Rusty Fire,2017-05-28T07:49:00Z,Fresno,,5/28/2017
Serenas Fire,2017-05-28T15:27:00Z,Riverside,,5/28/2017
Lombardi Fire,2017-05-28T15:30:00Z,Calaveras,,5/28/2017
Panoche Fire,2017-05-28T16:16:00Z,Fresno,,5/28/2017
Matz Fire,2017-05-29T01:20:00Z,San Bernardino,,5/29/2017
Twenty Fire,2017-05-29T15:31:00Z,Yuba,,5/29/2017
Fountain Fire ,2017-05-31T11:30:00Z,Tulare,,5/31/2017
Clay Fire,2017-06-01T15:38:00Z,Sacramento,,6/1/2017
Fairview Fire,2017-06-01T16:12:00Z,Riverside,,6/1/2017
Elk Fire,2017-06-02T18:55:00Z,Kern,,6/2/2017
Jones Fire,2017-06-03T13:09:00Z,Modoc,,6/3/2017
Vernon Fire,2017-06-03T12:09:00Z,Riverside,,6/3/2017
5 Fire,2017-06-03T15:39:00Z,Los Angeles,,6/3/2017
Creek Fire ,2017-06-04T22:11:00Z,Kern,,6/4/2017
Spring Fire ,2017-06-04T16:22:00Z,Tehama,,6/4/2017
River Fire,2017-06-04T16:12:00Z,Lassen,,6/4/2017
Shirleon Fire ,2017-06-04T16:48:00Z,Riverside,,6/4/2017
Fish Fire,2017-06-05T13:17:00Z,Contra Costa,,6/5/2017
Pine Fire,2017-06-05T14:02:00Z,Kern,,6/5/2017
Wilbur Fire,2017-06-06T12:43:00Z,Butte,,6/6/2017
Whitepine Fire,2017-06-06T16:38:00Z,Siskiyou,,6/6/2017
Dinely Fire,2017-06-07T11:55:00Z,Tulare,,6/7/2017
26 Fire,2017-06-07T21:00:00Z,Madera,,6/7/2017
Island Fire,2017-06-09T13:00:00Z,,,6/9/2017
Breckenridge Fire,2017-06-09T04:53:00Z,Kern,,6/9/2017
Hog Fire,2017-06-09T16:15:00Z,Monterey,,6/9/2017
Bodfish Fire,2017-06-10T12:17:00Z,Kern,,6/10/2017
Oakwood Fire,2017-06-10T13:19:00Z,Madera,,6/10/2017
Wild Fire,2017-06-11T10:46:00Z,Fresno,,6/11/2017
Pleyto Fire,2017-06-11T18:12:00Z,Monterey,,6/11/2017
Monterey Fire,2017-06-11T17:15:00Z,Fresno,,6/11/2017
Tivy Fire,2017-06-11T22:45:00Z,Fresno,,6/11/2017
Red Fire,2017-06-11T18:49:00Z,Tuolumne,,6/11/2017
Refuge Fire,2017-06-13T10:18:00Z,Napa,,6/13/2017
Valley Fire,2017-06-13T12:00:00Z,Riverside,,6/13/2017
Douglas Fire,2017-06-13T14:31:00Z,San Diego,,6/13/2017
King Fire,2017-06-13T17:00:00Z,Tulare,,6/13/2017
Reed Fire,2017-06-13T17:21:00Z,Riverside,,6/13/2017
Lucy Fire,2017-06-14T11:44:00Z,San Luis Obispo,,6/14/2017
Westfall Fire,2017-06-15T07:30:00Z,Mariposa,,6/15/2017
Canyon Fire,2017-06-15T11:36:00Z,Riverside,,6/15/2017
Nuevo Fire,2017-06-15T15:51:00Z,Riverside,,6/15/2017
Skyway Fire,2017-06-16T09:27:00Z,Butte,,6/16/2017
Springs Fire,2017-06-16T14:51:00Z,Riverside,,6/16/2017
Shore Fire,2017-06-16T15:49:00Z,Monterey,,6/16/2017
Lake Fire,2017-06-17T13:55:00Z,Los Angeles,,6/17/2017
Bolla Fire,2017-06-18T07:15:00Z,Tehama,,6/18/2017
Lambs Fire,2017-06-18T12:28:00Z,Riverside,,6/18/2017
Smiley Fire,2017-06-18T15:10:00Z,Riverside,,6/18/2017
Road Fire,2017-06-18T14:04:00Z,Madera,,6/18/2017
Highway Fire,2017-06-18T14:22:00Z,Kern,,6/18/2017
Trellis Fire,2017-06-18T16:03:00Z,Riverside,,6/18/2017
Bogus Fire,2017-06-18T15:45:00Z,Siskiyou,,6/18/2017
Holcomb Fire,2017-06-19T15:05:00Z,San Bernardino,,6/19/2017
Evans Fire,2017-06-19T21:41:00Z,Sierra,,6/19/2017
Orange Fire,2017-06-21T14:45:00Z,Stanislaus,,6/21/2017
Quimby Fire,2017-06-21T18:02:00Z,Santa Clara,,6/21/2017
Toll Fire,2017-06-22T13:08:00Z,Solano,,6/22/2017
Highway Fire,2017-06-22T09:49:00Z,Butte,,6/22/2017
Lone Fire,2017-06-22T11:10:00Z,Butte,,6/22/2017
Creek Fire,2017-06-23T16:00:00Z,Fresno,,6/23/2017
King Incident,2017-06-23T22:32:00Z,Tulare,,6/23/2017
Paskenta Fire,2017-06-24T11:15:00Z,Tehama,,6/24/2017
Placerita Fire,2017-06-25T12:47:00Z,Los Angeles,,6/25/2017
Black Fire,2017-06-25T12:09:00Z,San Diego,,6/25/2017
Salmon-August Complex ,2017-06-25T17:00:00Z,Siskiyou,,6/25/2017
Manzanita Fire,2017-06-26T15:10:00Z,Riverside,,6/26/2017
King Fire,2017-06-26T12:30:00Z,Siskiyou,,6/26/2017
Hill Fire,2017-06-26T15:27:00Z,San Luis Obispo,,6/26/2017
Shore Fire,2017-06-26T21:30:00Z,Del Norte,,6/26/2017
Latrobe Fire,2017-06-27T07:39:00Z,Sacramento,,6/27/2017
Pine Fire,2017-06-27T10:39:00Z,Marin,,6/27/2017
Sloane Fire,2017-06-27T09:38:00Z,San Diego,,6/27/2017
Mart Fire,2017-06-27T15:22:00Z,San Bernardino,,6/27/2017
Alvarado Fire,2017-06-28T09:30:00Z,Monterey,,6/28/2017
Battle Fire,2017-06-28T13:50:00Z,Modoc,,6/28/2017
Ben Fire,2017-06-28T15:49:00Z,Mariposa,,6/28/2017
 Cristianitos Fire,2017-06-28T17:56:00Z,San Diego,,6/28/2017
Ranch Fire,2017-06-29T13:56:00Z,Santa Clara,,6/29/2017
Lockwood Fire,2017-06-29T20:44:00Z,Monterey,,6/29/2017
Topanga Fire,2017-06-29T15:09:00Z,Los Angeles,,6/29/2017
Stokes Fire,2017-06-29T15:45:00Z,Los Angeles,,6/29/2017
Tarina Fire ,2017-06-30T13:49:00Z,Kern,,6/30/2017
Oak Fire,2017-07-01T00:48:00Z,Shasta,,7/1/2017
Brewer Fire,2017-07-02T12:41:00Z,Nevada,,7/2/2017
Lisa Fire,2017-07-02T13:04:00Z,Riverside,,7/2/2017
Desabla Fire,2017-07-02T13:43:00Z,Butte,,7/2/2017
Spring Fire,2017-07-02T13:36:00Z,Mariposa,,7/2/2017
Derrick Fire,2017-07-02T22:28:00Z,Fresno,,7/2/2017
Timber Fire,2017-07-03T19:31:00Z,Riverside,,7/3/2017
Canyon Fire,2017-07-03T13:34:00Z,Riverside,,7/3/2017
Lago Fire,2017-07-03T15:14:00Z,Riverside,,7/3/2017
Valley Fire,2017-07-04T13:21:00Z,San Benito,,7/4/2017
Silver Fire,2017-07-04T13:15:00Z,San Bernardino,,7/4/2017
Freedom Fire,2017-07-04T13:21:00Z,Fresno,,7/4/2017
Jurupa Fire,2017-07-04T15:20:00Z,Riverside,,7/4/2017
Lakeland Fire,2017-07-04T15:45:00Z,Butte,,7/4/2017
Grade Fire,2017-07-04T14:45:00Z,Ventura,,7/4/2017
Klamath Fire,2017-07-04T15:21:00Z,Siskiyou,,7/4/2017
Eagle Fire,2017-07-04T16:55:00Z,Riverside,,7/4/2017
Globe Fire,2017-07-05T08:24:00Z,Tulare,,7/5/2017
Fay Fire,2017-07-05T11:05:00Z,Siskiyou,,7/5/2017
Auberry Fire,2017-07-05T15:40:00Z,Fresno,,7/5/2017
Gold Fire,2017-07-05T16:56:00Z,Calaveras,,7/5/2017
Winters Fire,2017-07-06T12:41:00Z,Yolo,,7/6/2017
Quail Fire,2017-07-06T12:29:00Z,Kern,,7/6/2017
Alamo Fire,2017-07-06T15:44:00Z,San Luis Obispo,,7/6/2017
Antelope Fire,2017-07-06T13:00:00Z,Lassen,,7/6/2017
Hawk Fire,2017-07-07T09:18:00Z,Kern,,7/7/2017
Daulton Fire,2017-07-07T10:00:00Z,Madera,,7/7/2017
Christmas Fire,2017-07-07T12:56:00Z,Riverside,,7/7/2017
Wall Fire,2017-07-07T14:52:00Z,Butte,,7/7/2017
Bryant Fire,2017-07-07T15:45:00Z,San Bernardino,,7/7/2017
Tower Fire,2017-07-07T16:23:00Z,San Luis Obispo,,7/7/2017
Banderilla Fire,2017-07-07T15:50:00Z,Mariposa,,7/7/2017
Axel Fire,2017-07-08T16:38:00Z,El Dorado,,7/8/2017
Lake Fire,2017-07-08T11:00:00Z,Stanislaus,,7/8/2017
Deer Complex,2017-07-08T02:20:00Z,Contra Costa,,7/8/2017
Whittier Fire,2017-07-08T13:43:00Z,Santa Barbara,,7/8/2017
Willow Fire,2017-07-08T15:26:00Z,Contra Costa,,7/8/2017
West Fire,2017-07-08T16:47:00Z,Yuba,,7/8/2017
Parkfield Fire,2017-07-08T18:30:00Z,"Monterey, San Luis Obispo",,7/8/2017
Benson Fire,2017-07-08T18:58:00Z,Tehama,,7/8/2017
Stone Fire,2017-07-09T13:49:00Z,San Luis Obispo,,7/9/2017
Garza Fire,2017-07-09T15:10:00Z,Kings,,7/9/2017
Honcut Fire,2017-07-10T14:45:00Z,Butte,,7/10/2017
Farad Fire,2017-07-10T13:02:00Z,Sierra,,7/10/2017
Felipe Fire,2017-07-10T15:54:00Z,Santa Clara,,7/10/2017
Jennings Fire,2017-07-11T13:45:00Z,San Diego,,7/11/2017
Long Valley Fire,2017-07-11T14:15:00Z,Lassen,,7/11/2017
Lariat Fire,2017-07-11T16:51:00Z,Santa Clara,,7/11/2017
Rosado Fire,2017-07-12T13:51:00Z,El Dorado,,7/12/2017
Rebie Fire,2017-07-12T13:55:00Z,Butte,,7/12/2017
Quail Fire,2017-07-12T13:10:00Z,Calaveras,,7/12/2017
Hidden Fire,2017-07-12T15:29:00Z,San Bernardino,,7/12/2017
Spaletta Fire,2017-07-12T16:15:00Z,Marin,,7/12/2017
Chetco Fire,2017-07-12T13:45:00Z,,,7/12/2017
Dode Fire,2017-07-13T15:23:00Z,Modoc,,7/13/2017
Washington Fire,2017-07-13T10:28:00Z,Riverside,,7/13/2017
Navajo Fire,2017-07-13T14:14:00Z,Riverside,,7/13/2017
Bridge Fire,2017-07-14T14:23:00Z,San Bernardino,,7/14/2017
North Fire,2017-07-15T18:10:00Z,Shasta,,7/15/2017
Reservation Fire,2017-07-16T11:17:00Z,Monterey,,7/16/2017
Grade Fire,2017-07-16T14:51:00Z,Mendocino,,7/16/2017
Detwiler Fire,2017-07-16T15:56:00Z,Mariposa,,7/16/2017
Mesa Fire,2017-07-17T14:55:00Z,Santa Barbara,,7/17/2017
Range Fire,2017-07-17T12:37:00Z,Mendocino,,7/17/2017
Park Fire,2017-07-17T13:15:00Z,Fresno,,7/17/2017
Sand Fire,2017-07-17T13:17:00Z,Colusa,,7/17/2017
Maria Fire,2017-07-17T12:55:00Z,Calaveras,,7/17/2017
Centerville Fire,2017-07-17T13:38:00Z,Modoc,,7/17/2017
Murphy Fire,2017-07-17T14:44:00Z,Lake,,7/17/2017
Fox Fire,2017-07-17T15:32:00Z,Tulare,,7/17/2017
Hudson Fire,2017-07-18T11:45:00Z,Kern,,7/18/2017
Laverne Fire,2017-07-18T12:39:00Z,Shasta,,7/18/2017
Ellis Fire,2017-07-18T15:34:00Z,Riverside,,7/18/2017
Hogback Fire,2017-07-18T15:50:00Z,Tulare,,7/18/2017
Willms Fire,2017-07-18T22:39:00Z,Stanislaus,,7/18/2017
Creek Fire,2017-07-19T17:30:00Z,Glenn,,7/19/2017
Humboldt Fire,2017-07-19T16:02:00Z,Butte,,7/19/2017
Marble Fire,2017-07-19T14:00:00Z,Del Norte,,7/19/2017
Zenon Fire,2017-07-20T14:43:00Z,San Luis Obispo,,7/20/2017
Elephant Fire,2017-07-20T19:16:00Z,Tulare,,7/20/2017
Grizzly Fire,2017-07-21T16:50:00Z,Nevada,,7/21/2017
Dollar Fire,2017-07-22T13:35:00Z,San Bernardino,,7/22/2017
Lost Fire,2017-07-22T15:00:00Z,San Diego,,7/22/2017
Seine Fire,2017-07-22T15:49:00Z,San Bernardino,,7/22/2017
Castro Fire,2017-07-23T16:07:00Z,Santa Clara,,7/23/2017
High Fire,2017-07-23T15:53:00Z,San Bernardino,,7/23/2017
Warner Mountain Lightning,2017-07-23T00:00:00Z,Modoc,,7/23/2017
Olive Fire,2017-07-24T14:43:00Z,San Luis Obispo,,7/24/2017
Spenceville Fire,2017-07-24T14:56:00Z,Yuba,,7/24/2017
Clear Complex (merged into Eclipse Complex),2017-07-25T12:45:00Z,Siskiyou,,7/25/2017
Woodland Fire,2017-07-25T14:13:00Z,El Dorado,,7/25/2017
Orleans Complex,2017-07-26T18:00:00Z,Siskiyou,,7/26/2017
Ranch Fire,2017-07-26T13:58:00Z,El Dorado,,7/26/2017
Latrobe Fire,2017-07-26T14:45:00Z,Sacramento,,7/26/2017
Weller Fire,2017-07-26T23:19:00Z,Santa Clara,,7/26/2017
Greenhorn Fire,2017-07-27T14:49:00Z,Nevada,,7/27/2017
Gorman Fire,2017-07-28T15:25:00Z,Los Angeles,,7/28/2017
Placentia Fire,2017-07-28T18:11:00Z,Riverside,,7/28/2017
Live Fire,2017-07-28T13:24:00Z,Tehama,,7/28/2017
Minerva Fire,2017-07-29T18:55:00Z,Plumas,,7/29/2017
Jacksonville Fire,2017-07-29T13:50:00Z,Tuolumne,,7/29/2017
Sky Fire,2017-07-29T17:29:00Z,Shasta,,7/29/2017
Hill Fire,2017-07-29T16:33:00Z,Siskiyou,,7/29/2017
Roadrunner Fire,2017-07-30T17:43:00Z,Tulare,,7/30/2017
Twist Fire,2017-07-30T16:28:00Z,Tuolumne,,7/30/2017
Largo Fire,2017-07-30T01:45:00Z,El Dorado,,7/30/2017
Garden Fire,2017-07-30T16:17:00Z,Kern,,7/30/2017
Independence Fire,2017-07-31T23:17:00Z,Sonoma,,7/31/2017
Mile Fire,2017-07-31T14:44:00Z,San Bernardino,,7/31/2017
Rose Fire,2017-07-31T14:22:00Z,Riverside,,7/31/2017
Summit Complex,2017-07-31T13:44:00Z,Stanislaus,,7/31/2017
Sway Fire,2017-08-01T10:23:00Z,Humboldt,,8/1/2017
Falls Fire,2017-08-01T16:33:00Z,Tuolumne,,8/1/2017
Empire Fire,2017-08-01T08:45:00Z,Mariposa,,8/1/2017
Sandy Fire,2017-08-02T08:30:00Z,Trinity,,8/2/2017
Camatta Fire,2017-08-02T10:33:00Z,San Luis Obispo,,8/2/2017
Red Fire,2017-08-02T10:15:00Z,San Luis Obispo,,8/2/2017
Indian Fire,2017-08-02T18:00:00Z,Tulare,,8/2/2017
Sandy Fire,2017-08-02T11:13:00Z,Trinity,,8/2/2017
Saw Fire,2017-08-03T11:58:00Z,Humboldt,,8/3/2017
Bryant Fire,2017-08-03T15:35:00Z,San Bernardino,,8/3/2017
Rincon Fire,2017-08-03T16:21:00Z,Los Angeles,,8/3/2017
Blocksburg Fire,2017-08-03T16:41:00Z,Humboldt,,8/3/2017
Parker 2 Fire,2017-08-03T14:00:00Z,Modoc,,8/3/2017
Stewart Fire,2017-08-04T14:25:00Z,Riverside,,8/4/2017
Calgary Fire,2017-08-05T13:16:00Z,Kern,,8/5/2017
Chilcoot Fire,2017-08-06T15:32:00Z,Plumas,,8/6/2017
W-2 Fire,2017-08-06T15:29:00Z,Lassen,,8/6/2017
Poslin Fire,2017-08-06T19:52:00Z,Lassen,,8/6/2017
Reed Fire,2017-08-07T14:14:00Z,Riverside,,8/7/2017
Country Fire,2017-08-07T18:08:00Z,Monterey,,8/7/2017
Ruth Complex,2017-08-07T22:30:00Z,Trinity,,8/7/2017
Young Fire,2017-08-07T17:45:00Z,Siskiyou,,8/7/2017
Bottle Fire,2017-08-08T16:40:00Z,Lake,,8/8/2017
Rose Fire,2017-08-10T14:32:00Z,Kern,,8/10/2017
Paskenta Fire ,2017-08-10T17:24:00Z,Tehama,,8/10/2017
Tilton Fire,2017-08-11T14:55:00Z,Santa Clara,,8/11/2017
Canyon Fire,2017-08-11T12:57:00Z,Napa,,8/11/2017
Yankee Fire,2017-08-11T16:06:00Z,San Luis Obispo,,8/11/2017
Nuevo Fire,2017-08-13T13:34:00Z,Riverside,,8/13/2017
Ward Fire,2017-08-13T12:41:00Z,Siskiyou,,8/13/2017
Blaine Fire,2017-08-13T16:10:00Z,Riverside,,8/13/2017
Coronado Fire,2017-08-13T16:23:00Z,Mariposa,,8/13/2017
South Fork Fire,2017-08-14T14:28:00Z,Mariposa,,8/14/2017
Mias Fire,2017-08-14T15:45:00Z,Riverside,,8/14/2017
Miller Complex,2017-08-14T14:00:00Z,Siskiyou,,8/14/2017
Eclipse Complex,2017-08-15T07:55:00Z,Siskiyou,,8/15/2017
Corner Fire,2017-08-17T14:15:00Z,Shasta,,8/17/2017
Hills Fire,2017-08-19T16:31:00Z,Riverside,,8/19/2017
Beale Fire,2017-08-20T14:44:00Z,Yuba,,8/20/2017
Toll Fire,2017-08-20T16:26:00Z,Plumas,,8/20/2017
Eclipse Fire,2017-08-21T14:00:00Z,San Diego,,8/21/2017
Range Fire,2017-08-22T14:00:00Z,Alameda,,8/22/2017
Juniper Fire,2017-08-23T13:28:00Z,Fresno,,8/23/2017
I-5 Fire,2017-08-24T18:13:00Z,Kings,,8/24/2017
Montezuma Fire,2017-08-26T11:30:00Z,San Diego,,8/26/2017
Peg Fire,2017-08-26T12:35:00Z,Lassen,,8/26/2017
Vestal Fire,2017-08-26T15:03:00Z,Tehama,,8/26/2017
Flat Fire,2017-08-26T14:31:00Z,Fresno,,8/26/2017
Mines Fire,2017-08-27T17:45:00Z,Alameda,,8/27/2017
Bodega Fire,2017-08-27T13:30:00Z,Sonoma,,8/27/2017
Canyon Fire,2017-08-27T14:51:00Z,Riverside,,8/27/2017
Hill Fire,2017-08-27T18:47:00Z,Fresno,,8/27/2017
Translator Fire,2017-08-28T08:01:00Z,Humboldt,,8/28/2017
Sandra Fire,2017-08-28T17:06:00Z,Amador,,8/28/2017
Bradley Fire,2017-08-28T21:38:00Z,Siskiyou,,8/28/2017
Bradley Fire,2017-08-28T22:00:00Z,Siskiyou,,8/28/2017
Pier Fire,2017-08-29T08:29:00Z,Tulare,,8/29/2017
Ponderosa Fire,2017-08-29T13:16:00Z,Butte,,8/29/2017
Railroad Fire,2017-08-29T12:19:00Z,Madera,,8/29/2017
Mud Fire,2017-08-29T14:36:00Z,Lassen,,8/29/2017
Owens Fire,2017-08-29T15:39:00Z,Siskiyou,,8/29/2017
Slinkard Fire,2017-08-29T15:15:00Z,Mono,,8/29/2017
4-4 Fire,2017-08-30T11:38:00Z,Modoc,,8/30/2017
Pleasant Fire,2017-08-30T15:38:00Z,Nevada,,8/30/2017
4-10 Fire,2017-08-30T14:50:00Z,Modoc,,8/30/2017
Coalinga Fire,2017-08-30T16:51:00Z,Fresno,,8/30/2017
Helena - Fork Fire,2017-08-30T18:00:00Z,Trinity,,8/30/2017
R-4 Fire,2017-08-30T08:30:00Z,Lassen,,8/30/2017
Miller Fire,2017-08-31T13:57:00Z,Humboldt,,8/31/2017
Marlborough Fire,2017-08-31T10:13:00Z,Riverside,,8/31/2017
Castaic Fire,2017-08-31T16:32:00Z,Los Angeles,,8/31/2017
Border Fire,2017-09-01T04:20:00Z,San Diego,,9/1/2017
Hopper Fire,2017-09-01T11:21:00Z,Shasta,,9/1/2017
Caldwell Fire,2017-09-01T14:37:00Z,Kern,,9/1/2017
La Tuna Fire ,2017-09-01T13:26:00Z,Los Angeles,,9/1/2017
Palmer Fire,2017-09-02T13:33:00Z,Riverside,,9/2/2017
Creek Fire,2017-09-03T16:23:00Z,Stanislaus,,9/3/2017
Mission Fire,2017-09-03T13:06:00Z,Madera,,9/3/2017
Parkfield Fire,2017-09-03T09:23:00Z,Fresno,,9/3/2017
Margarita Fire,2017-09-03T16:59:00Z,San Luis Obispo,,9/3/2017
Mills File,2017-09-03T20:32:00Z,Plumas,,9/3/2017
Bally Fire,2017-09-03T19:17:00Z,Santa Clara,,9/3/2017
Peak Fire,2017-09-03T13:10:00Z,Mariposa,,9/3/2017
Mule Fire,2017-09-05T14:55:00Z,Lake,,9/5/2017
Eureka Fire,2017-09-05T18:38:00Z,Plumas,,9/5/2017
Border 9 Fire,2017-09-07T15:41:00Z,San Diego,,9/7/2017
Rattlesnake Fire,2017-09-07T15:00:00Z,Mariposa,,9/7/2017
Ellie Fire,2017-09-10T13:49:00Z,Riverside,,9/10/2017
Pine Fire,2017-09-11T15:11:00Z,Monterey,,9/11/2017
Shaver Fire,2017-09-11T10:00:00Z,Fresno,,9/11/2017
Skeggs Fire,2017-09-11T19:41:00Z,San Mateo,,9/11/2017
Skeleton Fire,2017-09-12T14:36:00Z,Lake,,9/12/2017
Berry Fire,2017-09-12T06:58:00Z,Shasta,,9/12/2017
Hole Fire,2017-09-12T12:45:00Z,Del Norte,,9/12/2017
Pacific Fire,2017-09-12T17:24:00Z,Butte,,9/12/2017
Slides Fire,2017-09-12T16:08:00Z,Lake,,9/12/2017
Buck Fire,2017-09-12T17:42:00Z,Trinity,,9/12/2017
French Fire,2017-09-17T15:18:00Z,El Dorado,,9/17/2017
Eastman Fire,2017-09-18T16:04:00Z,Madera,,9/18/2017
Table Fire,2017-09-19T00:22:00Z,Tuolumne,,9/19/2017
Grape Fire,2017-09-19T13:02:00Z,Mendocino,,9/19/2017
Corral Fire,2017-09-19T14:05:00Z,Alameda,,9/19/2017
Murphy Fire,2017-09-19T19:47:00Z,Fresno,,9/19/2017
Power Fire,2017-09-20T21:07:00Z,Madera,,9/20/2017
Huasna Fire,2017-09-20T13:41:00Z,San Luis Obispo,,9/20/2017
Dexter Fire,2017-09-20T14:53:00Z,Mariposa,,9/20/2017
Cove Fire,2017-09-23T15:40:00Z,San Luis Obispo,,9/23/2017
Estate Fire,2017-09-23T11:05:00Z,Solano,,9/23/2017
32 Fire,2017-09-25T11:03:00Z,Butte,,9/25/2017
Canyon Fire,2017-09-25T13:03:00Z,Orange,,9/25/2017
Linne Fire,2017-09-26T16:45:00Z,San Luis Obispo,,9/26/2017
Jasper Fire,2017-09-26T15:20:00Z,Yuba,,9/26/2017
Edwards Fire,2017-09-26T12:22:00Z,Alameda,,9/26/2017
Poly Fire,2017-09-26T15:30:00Z,San Luis Obispo,,9/26/2017
Lion Fire,2017-09-27T14:00:00Z,Tulare,,9/27/2017
Soda Fire,2017-09-28T14:46:00Z,Butte,,9/28/2017
Rucker Fire,2017-09-29T14:42:00Z,Santa Barbara,,9/29/2017
Lakewood Fire,2017-09-29T15:58:00Z,Kern,,9/29/2017
Melba Fire,2017-09-29T18:01:00Z,Riverside,,9/29/2017
Timm Fire,2017-10-02T09:37:00Z,Solano,,10/2/2017
Ramblin Fire,2017-10-03T11:44:00Z,Mariposa,,10/3/2017
36 Fire,2017-10-03T16:22:00Z,Tehama,,10/3/2017
Ridge Fire,2017-10-06T14:38:00Z,Lake,,10/6/2017
Fort Fire,2017-10-07T20:00:00Z,Sonoma,,10/7/2017
Jones Fire,2017-10-08T04:53:00Z,Shasta,,10/8/2017
Freeway Fire,2017-10-08T12:15:00Z,Tehama,,10/8/2017
Blue Fire,2017-10-08T16:40:00Z,Humboldt,,10/8/2017
Cherokee Fire,2017-10-08T21:45:00Z,Butte,,10/8/2017
Atlas Fire (Southern LNU Complex),2017-10-08T21:52:00Z,"Napa, Solano",Wildfire,10/8/2017
Tubbs Fire (Central LNU Complex),2017-10-08T21:45:00Z,"Napa, Sonoma",Wildfire,10/8/2017
Nuns / Adobe / Norrbom/ Pressley / Partrick Fires / Oakmont (Central LNU Complex),2017-10-08T22:00:00Z,"Napa, Sonoma",Wildfire,10/8/2017
Partrick Fire (Central LNU Complex),2017-10-08T23:48:00Z,Napa,,10/8/2017
Cascade Fire (Wind Complex),2017-10-08T23:03:00Z,Yuba,Wildfire,10/8/2017
Redwood Valley Fire (Mendocino Lake Complex),2017-10-08T23:36:00Z,Mendocino,Wildfire,10/8/2017
Sulphur Fire (Mendocino Lake Complex),2017-10-08T23:59:00Z,Lake,,10/8/2017
LaPorte Fire (Wind Complex),2017-10-09T00:57:00Z,Butte,,10/9/2017
McCourtney Fire (Wind Complex),2017-10-09T00:00:00Z,Nevada,,10/9/2017
Point Fire,2017-10-09T01:10:00Z,Calaveras,,10/9/2017
37 Fire,2017-10-09T14:00:00Z,Sonoma,,10/9/2017
Pozo Fire,2017-10-09T14:30:00Z,San Luis Obispo,,10/9/2017
Lobo Fire (Wind Complex),2017-10-09T00:01:00Z,Nevada,Wildfire,10/9/2017
Honey Fire,2017-10-09T15:05:00Z,Butte,,10/9/2017
Canyon 2 Fire,2017-10-09T09:51:00Z,Orange,,10/9/2017
Pocket Fire (Central LNU Complex),2017-10-09T03:30:00Z,Sonoma,,10/9/2017
Pressley Fire (Central LNU Complex),2017-10-09T01:30:00Z,Sonoma,,10/9/2017
Garden Fire,2017-10-10T12:30:00Z,Nevada,,10/10/2017
Ice Fire,2017-10-10T15:36:00Z,El Dorado,,10/10/2017
Portola Fire,2017-10-10T14:57:00Z,Riverside,,10/10/2017
Silver Fire,2017-10-11T15:59:00Z,Fresno,,10/11/2017
Quarry Fire,2017-10-12T10:42:00Z,Kern,,10/12/2017
Lynch Fire,2017-10-13T12:14:00Z,San Luis Obispo,,10/13/2017
Table Fire,2017-10-13T13:16:00Z,El Dorado,,10/13/2017
Loma Fire,2017-10-13T15:40:00Z,San Diego,,10/13/2017
River Fire,2017-10-14T16:00:00Z,Trinity,,10/14/2017
Long Fire,2017-10-14T05:00:00Z,Lake,,10/14/2017
Oakmont Fire (Central LNU Complex),2017-10-14T20:35:00Z,Sonoma,,10/14/2017
Wilson Fire,2017-10-15T14:05:00Z,San Diego,,10/15/2017
Rolling Fire,2017-10-15T17:11:00Z,Kern,,10/15/2017
York Fire,2017-10-15T14:55:00Z,Monterey,,10/15/2017
Bear Fire,2017-10-16T22:30:00Z,Santa Cruz,,10/16/2017
Wilson Fire,2017-10-17T03:43:00Z,Los Angeles,,10/17/2017
Fallon Fire,2017-10-17T14:00:00Z,Alameda,,10/17/2017
Buffalo Fire,2017-10-17T10:19:00Z,San Diego,,10/17/2017
Milton Fire,2017-10-18T12:53:00Z,Stanislaus,,10/18/2017
Soda Fire,2017-10-20T12:13:00Z,San Luis Obispo,,10/20/2017
Church Fire,2017-10-21T13:04:00Z,San Diego,,10/21/2017
Extension Fire,2017-10-23T10:31:00Z,Riverside,,10/23/2017
Freeway Fire,2017-10-24T10:27:00Z,San Bernardino,,10/24/2017
Vista Fire,2017-10-24T14:44:00Z,Ventura,,10/24/2017
Tank Fire,2017-10-26T11:55:00Z,Kern,,10/26/2017
Wildomar Fire,2017-10-26T12:34:00Z,Riverside,,10/26/2017
Tehama Fire,2017-10-26T20:00:00Z,Tehama,,10/26/2017
 Bridge Fire,2017-10-31T11:22:00Z,Shasta,,10/31/2017
Roser Fire,2017-11-02T14:40:00Z,Tehama,,11/2/2017
Chris Fire,2017-11-13T11:28:00Z,Mono,,11/13/2017
Palm Fire,2017-11-14T16:11:00Z,Riverside,,11/14/2017
Bitterwater Fire,2017-11-25T16:46:00Z,San Benito,,11/25/2017
Oak Fire,2017-11-29T12:19:00Z,San Bernardino,,11/29/2017
Thomas Fire,2017-12-04T18:28:00Z,"Santa Barbara, Ventura",Wildfire,12/4/2017
Riverdale Fire,2017-12-04T12:26:00Z,Riverside,,12/4/2017
Meyers Fire,2017-12-05T13:28:00Z,San Bernardino,,12/5/2017
Little Mountain Fire,2017-12-05T13:35:00Z,San Bernardino,,12/5/2017
Rye Fire,2017-12-05T11:31:00Z,Los Angeles,,12/5/2017
Creek Fire,2017-12-05T03:44:00Z,Los Angeles,,12/5/2017
Skirball Fire,2017-12-06T06:31:00Z,Los Angeles,,12/6/2017
Lilac Fire,2017-12-07T11:15:00Z,San Diego,,12/7/2017
Liberty Fire,2017-12-07T13:14:00Z,Riverside,,12/7/2017
Longhorn Fire,2017-12-13T15:27:00Z,Riverside,,12/13/2017
Coast Fire,2017-12-14T12:59:00Z,Santa Barbara,Wildfire,12/14/2017
Drum Fire,2017-12-16T12:21:00Z,Santa Barbara,Wildfire,12/16/2017
Riverbottom Fire,2017-12-21T11:16:00Z,Riverside,Wildfire,12/21/2017
Holiday Fire,2017-12-28T20:51:00Z,El Dorado,Wildfire,12/28/2017
Haycamp Fire,2018-02-07T15:53:00Z,Monterey,,2/7/2018
Pleasant Fire,2018-02-18T14:12:00Z,Inyo,,2/18/2018
Santa Cruz Fire,2018-03-27T14:45:00Z,Santa Barbara,,3/27/2018
Rock Fire,2018-03-27T16:20:00Z,Shasta,,3/27/2018
Meadow Fire,2018-04-09T18:18:00Z,Riverside,,4/9/2018
Aqueduct Fire,2018-04-12T14:30:00Z,Fresno,,4/12/2018
Tyler Fire,2018-04-15T04:38:00Z,Riverside,,4/15/2018
Moffat Fire,2018-04-19T10:28:00Z,Inyo,,4/19/2018
Lago Fire,2018-04-22T13:35:00Z,Riverside,,4/22/2018
Grape Fire,2018-04-24T16:59:00Z,Humboldt,,4/24/2018
French Fire,2018-04-26T15:00:00Z,Plumas,,4/26/2018
Main Fire,2018-04-28T14:26:00Z,Riverside,,4/28/2018
Nees Fire,2018-05-02T16:00:00Z,Merced,,5/2/2018
Alpha Fire,2018-05-04T11:44:00Z,San Diego,,5/4/2018
Tornado Fire,2018-05-04T14:48:00Z,Riverside,,5/4/2018
Woodchuck Fire,2018-05-04T18:53:00Z,Riverside,,5/4/2018
Shastina Fire,2018-05-09T18:11:00Z,Siskiyou,,5/9/2018
Jacques Fire,2018-05-09T22:00:00Z,San Diego,,5/9/2018
Volcan Fire,2018-05-10T20:41:00Z,San Diego,,5/10/2018
Grant Fire,2018-05-14T13:06:00Z,Alameda,,5/14/2018
Patterson Fire,2018-05-17T14:19:00Z,Riverside,,5/17/2018
Happy Fire,2018-05-17T12:53:00Z,Santa Barbara,,5/17/2018
White Fire,2018-05-18T11:00:00Z,Tulare,,5/18/2018
Jelly Fire,2018-05-18T16:37:00Z,Tehama,,5/18/2018
Ager Fire,2018-05-19T13:04:00Z,Siskiyou,,5/19/2018
Plaza Fire,2018-05-20T13:07:00Z,Merced,,5/20/2018
Bellagio Fire,2018-05-21T11:56:00Z,Napa,,5/21/2018
Agua Fire,2018-05-22T14:13:00Z,San Diego,,5/22/2018
Experimental Fire,2018-05-23T14:30:00Z,Madera,,5/23/2018
Water Fire,2018-05-24T10:43:00Z,San Luis Obispo,,5/24/2018
Cobble Fire,2018-05-26T14:52:00Z,Fresno,,5/26/2018
Keeler Fire,2018-05-27T17:05:00Z,Santa Clara,,5/27/2018
70th Fire,2018-05-28T07:23:00Z,Riverside,,5/28/2018
Chrome Fire,2018-05-28T17:33:00Z,Glenn,,5/28/2018
Stuhr Fire,2018-05-29T12:58:00Z,Stanislaus,,5/29/2018
Vineyard Fire,2018-05-29T13:11:00Z,San Luis Obispo,,5/29/2018
Grant Fire,2018-05-30T13:21:00Z,Alameda,Wildfire,5/30/2018
Madison FIre,2018-06-01T13:31:00Z,Yolo,,6/1/2018
Open Fire,2018-06-01T15:20:00Z,Glenn,,6/1/2018
Plymire Fire,2018-06-01T16:07:00Z,Tehama,,6/1/2018
Glen Fire,2018-06-02T12:42:00Z,Contra Costa,,6/2/2018
Aliso Fire,2018-06-02T13:07:00Z,Orange,,6/2/2018
Jardin Fire,2018-06-02T15:53:00Z,Riverside,,6/2/2018
Coldwell Fire,2018-06-02T09:55:00Z,Fresno,,6/2/2018
Black Fire,2018-06-03T08:55:00Z,Tehama,,6/3/2018
Grande Fire,2018-06-03T13:38:00Z,Riverside,,6/3/2018
Ethanac Fire,2018-06-03T14:17:00Z,Riverside,,6/3/2018
Fairview Fire,2018-06-03T15:09:00Z,San Benito,,6/3/2018
Resort Fire,2018-06-03T16:11:00Z,San Luis Obispo,,6/3/2018
Martin Fire,2018-06-03T16:14:00Z,Siskiyou,,6/3/2018
Adobe Fire,2018-06-03T16:16:00Z,San Diego,,6/3/2018
Green Fire,2018-06-03T18:23:00Z,San Diego,,6/3/2018
Stone Fire,2018-06-04T12:40:00Z,Los Angeles,,6/4/2018
Meamber Fire,2018-06-04T15:08:00Z,Siskiyou,,6/4/2018
Airline Fire,2018-06-04T17:01:00Z,San Benito,,6/4/2018
Eastern Fire,2018-06-04T17:30:00Z,San Benito,,6/4/2018
ONeals Fire,2018-06-04T17:44:00Z,Madera,,6/4/2018
Panoche Fire,2018-06-04T23:17:00Z,San Benito,,6/4/2018
Pallet Fire,2018-06-05T13:03:00Z,Sonoma,,6/5/2018
Vista Fire,2018-06-05T13:45:00Z,San Diego,,6/5/2018
Recycle Fire,2018-06-06T09:46:00Z,San Diego,,6/6/2018
Bear Fire,2018-06-07T18:04:00Z,Merced,,6/7/2018
Apple Fire,2018-06-09T14:10:00Z,Tehama,,6/9/2018
Chrome Fire,2018-06-09T15:32:00Z,Glenn,,6/9/2018
Mission Fire,2018-06-09T15:30:00Z,Marin,,6/9/2018
South Fire,2018-06-09T14:45:00Z,Los Angeles,,6/9/2018
Sam Fire,2018-06-09T15:31:00Z,Monterey,,6/9/2018
Liberty Fire,2018-06-11T12:16:00Z,San Joaquin,,6/11/2018
Santiago Fire,2018-06-11T17:04:00Z,Orange,,6/11/2018
Lions Fire,2018-06-11T12:00:00Z,Madera,,6/11/2018
Beaver Fire,2018-06-12T15:06:00Z,San Benito,,6/12/2018
Euclid Fire,2018-06-12T14:22:00Z,Riverside,,6/12/2018
Portola Fire ,2018-06-12T14:56:00Z,Los Angeles,,6/12/2018
Vista Fire,2018-06-13T12:38:00Z,San Luis Obispo,,6/13/2018
Spring Fire,2018-06-13T21:06:00Z,Tehama,,6/13/2018
Bridle Fire,2018-06-14T17:02:00Z,Riverside,,6/14/2018
70 Fire,2018-06-14T15:18:00Z,Butte,,6/14/2018
Creston FIre,2018-06-14T17:23:00Z,San Luis Obispo,,6/14/2018
Tumbleweed Fire,2018-06-14T17:45:00Z,Lassen,,6/14/2018
Planada Fire,2018-06-15T10:34:00Z,Merced,,6/15/2018
Raymond Fire,2018-06-15T11:46:00Z,Madera,,6/15/2018
Boyer Fire,2018-06-15T13:37:00Z,Mariposa,,6/15/2018
Oregon Fire,2018-06-16T11:47:00Z,Butte,,6/16/2018
Creek Fire,2018-06-16T14:04:00Z,Lake,,6/16/2018
Willow Fire,2018-06-16T15:10:00Z,Contra Costa,,6/16/2018
China Fire,2018-06-17T13:58:00Z,Amador,,6/17/2018
Upper Colony Fire,2018-06-17T11:44:00Z,,,6/17/2018
Vallecitos Fire,2018-06-17T15:56:00Z,Alameda,,6/17/2018
Dinosaur Fire,2018-06-17T15:09:00Z,Merced,,6/17/2018
Wheeler Fire,2018-06-18T12:30:00Z,Mariposa,,6/18/2018
Iron Fire,2018-06-19T15:19:00Z,Contra Costa,,6/19/2018
Ranchita Fire,2018-06-19T16:06:00Z,Monterey,,6/19/2018
Yankee Fire,2018-06-20T18:22:00Z,San Luis Obispo,,6/20/2018
Creek Fire,2018-06-21T16:45:00Z,San Luis Obispo,Wildfire,6/21/2018
Bascom Fire,2018-06-23T12:54:00Z,Shasta,,6/23/2018
Lane Fire,2018-06-23T11:38:00Z,Tehama,,6/23/2018
Sierra Fire,2018-06-23T13:15:00Z,Tehama,,6/23/2018
Stoll Fire,2018-06-23T12:52:00Z,Tehama,Wildfire,6/23/2018
Pawnee Fire,2018-06-23T17:21:00Z,Lake,Wildfire,6/23/2018
Canyon Fire,2018-06-23T19:39:00Z,Los Angeles,,6/23/2018
Creek Fire,2018-06-24T12:29:00Z,Shasta,,6/24/2018
Flat Fire,2018-06-24T13:54:00Z,Tuolumne,,6/24/2018
Horse Fire,2018-06-24T15:28:00Z,Calaveras,Wildfire,6/24/2018
Romero Fire,2018-06-24T16:11:00Z,Merced,,6/24/2018
San Ardo,2018-06-26T07:11:00Z,Monterey,,6/26/2018
Shippee Fire,2018-06-26T12:56:00Z,Butte,,6/26/2018
Fox Fire,2018-06-26T11:16:00Z,San Luis Obispo,,6/26/2018
Anchor Fire,2018-06-27T12:39:00Z,Fresno,,6/27/2018
Hyatt Fire,2018-06-27T15:09:00Z,Lassen,Wildfire,6/27/2018
Cherry Fire,2018-06-27T19:46:00Z,Siskiyou,,6/27/2018
Flat Fire,2018-06-28T18:01:00Z,Trinity,,6/28/2018
Sheep Fire,2018-06-29T17:53:00Z,Kern,,6/29/2018
Waverly Fire,2018-06-29T15:11:00Z,San Joaquin,Wildfire,6/29/2018
Llano Fire,2018-06-29T11:44:00Z,Butte,,6/29/2018
Grant Fire,2018-06-29T15:46:00Z,Sacramento,,6/29/2018
Valley Fire,2018-06-29T16:06:00Z,Contra Costa,,6/29/2018
Tesla Fire,2018-06-29T20:59:00Z,Santa Clara,,6/29/2018
Creek Fire,2018-06-30T12:12:00Z,San Bernardino,,6/30/2018
County Fire,2018-06-30T14:12:00Z,"Napa, Yolo",Wildfire,6/30/2018
Petersburg Fire,2018-07-01T18:13:00Z,Siskiyou,,7/1/2018
Buckingham Fire,2018-07-02T14:25:00Z,Contra Costa,,7/2/2018
Stony Fire,2018-07-04T13:14:00Z,Colusa,,7/4/2018
Par Fire,2018-07-04T13:30:00Z,Butte,,7/4/2018
Benton Fire,2018-07-04T14:20:00Z,Riverside,,7/4/2018
Shingle Fire,2018-07-04T17:09:00Z,El Dorado,,7/4/2018
Peach Fire ,2018-07-05T15:12:00Z,Mendocino,,7/5/2018
Klamathon Fire,2018-07-05T12:31:00Z,Siskiyou,Wildfire,7/5/2018
West Fire,2018-07-06T23:39:00Z,San Diego,Wildfire,7/6/2018
Building Fire,2018-07-06T10:11:00Z,San Diego,,7/6/2018
Irish Fire,2018-07-06T14:42:00Z,Amador,Wildfire,7/6/2018
Valley Fire,2018-07-06T13:29:00Z,San Bernardino,,7/6/2018
Holiday Fire,2018-07-06T20:40:00Z,Santa Barbara,Wildfire,7/6/2018
Bridle Fire,2018-07-06T10:40:00Z,Santa Clara,,7/6/2018
Box Fire,2018-07-06T09:36:00Z,San Bernardino,,7/6/2018
Lebec Fire,2018-07-08T13:38:00Z,Kern,,7/8/2018
Georges Fire,2018-07-08T13:36:00Z,Inyo,,7/8/2018
Vista Fire,2018-07-08T14:41:00Z,Shasta,,7/8/2018
Bruce Fire,2018-07-08T16:45:00Z,Contra Costa,,7/8/2018
Grant Fire,2018-07-08T17:38:00Z,Alameda,,7/8/2018
James Loop Fire,2018-07-09T12:53:00Z,,,7/9/2018
Cornerstone Fire,2018-07-09T17:54:00Z,Madera,,7/9/2018
Spring 2 Fire,2018-07-09T16:46:00Z,Lake,Wildfire,7/9/2018
Dale Fire,2018-07-09T18:30:00Z,Tehama,,7/9/2018
School Fire,2018-07-10T17:31:00Z,Madera,,7/10/2018
Dark Fire,2018-07-10T12:42:00Z,Butte,,7/10/2018
Curie Fire,2018-07-10T15:08:00Z,Santa Clara,,7/10/2018
Hale Fire,2018-07-10T16:45:00Z,Santa Clara,,7/10/2018
Panoche Fire,2018-07-11T16:40:00Z,San Benito,,7/11/2018
Stoney Fire,2018-07-12T22:45:00Z,Butte,,7/12/2018
Idria Fire,2018-07-12T12:57:00Z,San Benito,,7/12/2018
Eagle Fire,2018-07-13T22:03:00Z,Modoc,,7/13/2018
Gray Fire,2018-07-13T14:32:00Z,San Bernardino,,7/13/2018
Ferguson Fire,2018-07-13T21:36:00Z,Mariposa,,7/13/2018
Lariat Fire,2018-07-14T20:40:00Z,Tehama,,7/14/2018
Kelley Fire,2018-07-14T20:46:00Z,Modoc,,7/14/2018
3-2 Fire,2018-07-14T15:00:00Z,Lassen,,7/14/2018
Steamboat Fire,2018-07-15T09:58:00Z,Siskiyou,,7/15/2018
3-10 Fire,2018-07-15T11:55:00Z,Lassen,,7/15/2018
Johnson Fire,2018-07-15T16:14:00Z,Humboldt,,7/15/2018
3-18 Fire,2018-07-15T16:45:00Z,Lassen,,7/15/2018
3-16 Fire,2018-07-15T18:54:00Z,Lassen,,7/15/2018
Tuscan Fire,2018-07-15T17:15:00Z,Tehama,,7/15/2018
Natchez Fire,2018-07-15T18:30:00Z,,,7/15/2018
Camp Fire,2018-07-17T11:13:00Z,San Luis Obispo,,7/17/2018
Border Fire,2018-07-17T14:05:00Z,San Diego,,7/17/2018
Lott Fire,2018-07-17T19:03:00Z,Siskiyou,,7/17/2018
Cruces Fire,2018-07-18T11:55:00Z,Santa Barbara,,7/18/2018
Eighty Eight Fire,2018-07-18T14:24:00Z,Yolo,,7/18/2018
Simmons Fire,2018-07-19T12:00:00Z,Butte,,7/19/2018
Ben Fire,2018-07-19T13:07:00Z,Mariposa,,7/19/2018
Skyline Fire,2018-07-19T17:22:00Z,Riverside,,7/19/2018
Horse Creek Fire,2018-07-19T16:25:00Z,Tulare,,7/19/2018
Cinnamon Fire,2018-07-20T13:07:00Z,San Diego,,7/20/2018
Highland Fire,2018-07-20T13:26:00Z,Shasta,,7/20/2018
Windmill Fire,2018-07-20T14:23:00Z,Santa Barbara,,7/20/2018
Carder Fire,2018-07-21T14:40:00Z,Lake,Wildfire,7/21/2018
Rock Fire,2018-07-21T15:50:00Z,San Luis Obispo,,7/21/2018
Mustang Fire,2018-07-21T15:01:00Z,San Luis Obispo,,7/21/2018
Heart Fire,2018-07-21T16:22:00Z,Mendocino,,7/21/2018
Country Fire,2018-07-22T13:06:00Z,Santa Clara,,7/22/2018
Carr Fire,2018-07-23T13:15:00Z,"Shasta, Trinity",Wildfire,7/23/2018
Pico Fire,2018-07-23T12:55:00Z,Los Angeles,,7/23/2018
Martinez Fire,2018-07-23T14:55:00Z,Riverside,,7/23/2018
Crestline Fire,2018-07-24T15:24:00Z,Shasta,,7/24/2018
Roxie Fire (Formerly 1-1 Fire),2018-07-24T16:02:00Z,Lassen,,7/24/2018
Church Fire,2018-07-25T16:14:00Z,Santa Clara,,7/25/2018
Marsh Fire,2018-07-25T14:41:00Z,Contra Costa,Wildfire,7/25/2018
Hidden Fire,2018-07-25T14:11:00Z,San Benito,,7/25/2018
Patterson Fire,2018-07-25T16:05:00Z,Alameda,,7/25/2018
Ribbon Fire,2018-07-26T10:12:00Z,Riverside,,7/26/2018
Pasqual Fire,2018-07-27T13:28:00Z,San Diego,,7/27/2018
Ranch Fire (Mendocino Complex),2018-07-27T12:05:00Z,"Colusa, Glenn, Lake, Mendocino",Wildfire,7/27/2018
Balch Fire,2018-07-27T12:14:00Z,Tulare,,7/27/2018
River Fire (Mendocino Complex),2018-07-27T13:01:00Z,"Colusa, Lake, Mendocino",Wildfire,7/27/2018
Breckenridge Fire,2018-07-27T16:12:00Z,Kern,,7/27/2018
Whaleback Fire,2018-07-27T13:32:00Z,Lassen,,7/27/2018
Sobrante Fire,2018-07-28T15:38:00Z,Riverside,,7/28/2018
Rock Fire,2018-07-28T15:14:00Z,San Diego,,7/28/2018
Steele Fire,2018-07-28T16:30:00Z,Napa,Wildfire,7/28/2018
Corner Fire,2018-07-29T16:22:00Z,Shasta,,7/29/2018
Owens Fire,2018-07-31T15:07:00Z,Inyo,,7/31/2018
Butte Fire,2018-07-31T17:34:00Z,Sutter,,7/31/2018
Eel Fire,2018-07-31T15:28:00Z,Mendocino,,7/31/2018
Western Fire,2018-08-01T15:53:00Z,Mendocino,,8/1/2018
Donnell Fire,2018-08-01T17:48:00Z,Tuolumne,,8/1/2018
Bumper Fire,2018-08-01T13:57:00Z,El Dorado,,8/1/2018
Omega Fire,2018-08-01T14:40:00Z,El Dorado,Wildfire,8/1/2018
Sunset Fire,2018-08-01T13:11:00Z,Placer,,8/1/2018
Tarina Fire,2018-08-03T14:48:00Z,Kern,,8/3/2018
Wagner Fire,2018-08-04T13:57:00Z,Mariposa,Wildfire,8/4/2018
Creek Fire,2018-08-04T17:32:00Z,Alameda,,8/4/2018
Parrots Fire,2018-08-05T04:19:00Z,Calaveras,,8/5/2018
Casner Fire,2018-08-06T10:31:00Z,San Diego,,8/6/2018
Turkey Fire,2018-08-06T12:59:00Z,Monterey,,8/6/2018
Holy Fire,2018-08-06T13:20:00Z,Orange,Wildfire,8/6/2018
Terra Fire,2018-08-06T14:19:00Z,Riverside,,8/6/2018
South Fire,2018-08-06T16:26:00Z,Calaveras,,8/6/2018
Five Fire,2018-08-06T17:29:00Z,Kings,,8/6/2018
Murphy Fire,2018-08-07T02:11:00Z,Plumas,,8/7/2018
Hirz Fire,2018-08-09T01:55:00Z,Shasta,,8/9/2018
Rangeland Fire,2018-08-09T13:09:00Z,San Diego,,8/9/2018
Hat Fire,2018-08-09T14:34:00Z,Shasta,,8/9/2018
Syar Fire,2018-08-09T14:21:00Z,Napa,,8/9/2018
Nelson Fire,2018-08-10T16:57:00Z,Solano,,8/10/2018
Gulch Fire,2018-08-11T14:12:00Z,Monterey,,8/11/2018
Oak Fire,2018-08-12T14:20:00Z,Nevada,,8/12/2018
Cloverdale Fire,2018-08-13T14:58:00Z,San Diego,,8/13/2018
River Fire,2018-08-15T17:14:00Z,Tulare,,8/15/2018
Stone Fire,2018-08-15T18:05:00Z,Modoc,,8/15/2018
Mill Creek 1 Fire,2018-08-16T09:18:00Z,Humboldt,,8/16/2018
Pine Fire,2018-08-16T16:06:00Z,Kern,,8/16/2018
Alhambra Fire,2018-08-17T19:19:00Z,Contra Costa,,8/17/2018
Marcel Fire,2018-08-17T18:47:00Z,Kern,,8/17/2018
Call Fire,2018-08-18T15:17:00Z,Kern,,8/18/2018
Gorge Fire,2018-08-19T07:32:00Z,Shasta,,8/19/2018
Front Fire,2018-08-19T13:37:00Z,Santa Barbara,,8/19/2018
Keller Fire,2018-08-19T15:55:00Z,Riverside,,8/19/2018
Land Fire,2018-08-22T13:45:00Z,Riverside,,8/22/2018
Eastman Fire,2018-08-23T15:40:00Z,Madera,,8/23/2018
Country Fire,2018-08-25T11:58:00Z,Riverside,,8/25/2018
Castro Fire,2018-08-26T14:23:00Z,Alameda,,8/26/2018
Cache Fire,2018-08-26T18:04:00Z,Lake,,8/26/2018
Redinger Fire,2018-08-27T23:19:00Z,Madera,,8/27/2018
Winchester Fire,2018-08-27T10:49:00Z,Riverside,,8/27/2018
Grade Fire,2018-08-30T15:44:00Z,Lake,,8/30/2018
Sterling,2018-08-31T17:58:00Z,San Bernardino,,8/31/2018
Ogilvy Fire,2018-09-01T14:22:00Z,Santa Barbara,,9/1/2018
Ridge Fire,2018-09-02T14:02:00Z,Lake,,9/2/2018
Essex Fire,2018-09-02T14:53:00Z,Modoc,,9/2/2018
Kelsey Fire,2018-09-03T13:58:00Z,Lake,,9/3/2018
North Fire,2018-09-03T16:38:00Z,Placer,,9/3/2018
Sliger Fire,2018-09-04T15:03:00Z,El Dorado,,9/4/2018
Ranchera Fire,2018-09-04T14:43:00Z,Shasta,,9/4/2018
Kerlin Fire,2018-09-04T15:20:00Z,Trinity,,9/4/2018
Boot Fire,2018-09-04T14:26:00Z,Mono,,9/4/2018
Delta Fire,2018-09-05T12:51:00Z,"Shasta, Trinity",Wildfire,9/5/2018
Snell Fire,2018-09-08T14:29:00Z,Napa,,9/8/2018
Tulloch Fire,2018-09-08T13:34:00Z,Tuolumne,,9/8/2018
Fork Fire,2018-09-09T12:10:00Z,Los Angeles,,9/9/2018
Irving Fire,2018-09-10T19:00:00Z,Marin,,9/10/2018
Water Fire,2018-09-12T11:25:00Z,Kern,,9/12/2018
Metz Fire,2018-09-13T15:37:00Z,Monterey,,9/13/2018
Soboba Fire,2018-09-14T19:32:00Z,Riverside,,9/14/2018
Reservoir Fire,2018-09-16T08:34:00Z,San Luis Obispo,,9/16/2018
Meyers Fire,2018-09-20T12:39:00Z,El Dorado,Wildfire,9/20/2018
Charlie Fire,2018-09-22T14:30:00Z,Los Angeles,,9/22/2018
Oak Fire,2018-09-22T15:44:00Z,Madera,,9/22/2018
Copper Fire,2018-09-22T14:41:00Z,Lassen,,9/22/2018
Quimby Fire,2018-09-23T16:23:00Z,Santa Clara,,9/23/2018
Nimshew Fire,2018-09-24T00:41:00Z,Butte,,9/24/2018
Keenbrook Fire,2018-09-26T10:56:00Z,San Bernardino,,9/26/2018
Wilson Fire,2018-09-28T13:08:00Z,Tehama,,9/28/2018
Silver Fire,2018-09-28T14:44:00Z,Shasta,,9/28/2018
Shandon Fire,2018-09-29T09:30:00Z,San Luis Obispo,,9/29/2018
Nacimiento Fire,2018-10-02T12:32:00Z,Monterey,,10/2/2018
Eagle Fire,2018-10-02T15:45:00Z,Fresno,,10/2/2018
Sun Fire,2018-10-07T12:51:00Z,Tehama,,10/7/2018
Park Fire,2018-10-07T12:57:00Z,Santa Clara,,10/7/2018
Iron Gate Fire,2018-10-10T21:50:00Z,Siskiyou,,10/10/2018
Winters Fire,2018-10-12T11:21:00Z,Solano,,10/12/2018
Priest Fire,2018-10-13T14:43:00Z,Monterey,,10/13/2018
Tower Fire,2018-10-14T06:45:00Z,Shasta,,10/14/2018
Masonic Fire,2018-10-14T11:33:00Z,Shasta,,10/14/2018
Powellton Fire,2018-10-15T11:57:00Z,Butte,,10/15/2018
Camino Fire,2018-10-19T14:10:00Z,San Luis Obispo,,10/19/2018
Market Fire,2018-10-24T12:18:00Z,Tulare,,10/24/2018
June Fire,2018-10-30T14:46:00Z,Butte,,10/30/2018
Rincon Fire,2018-11-03T21:28:00Z,Santa Cruz,,11/3/2018
Adams Fire,2018-11-05T10:17:00Z,Tehama,,11/5/2018
Brushy Fire,2018-11-08T11:58:00Z,Mendocino,,11/8/2018
Camp Fire,2018-11-08T06:33:00Z,Butte,Wildfire,11/8/2018
Horn Fire,2018-11-08T11:25:00Z,Lassen,,11/8/2018
Nurse Fire,2018-11-08T13:28:00Z,Solano,,11/8/2018
Hill Fire,2018-11-08T14:03:00Z,Ventura,Wildfire,11/8/2018
Woolsey Fire,2018-11-08T14:24:00Z,"Los Angeles, Ventura",Wildfire,11/8/2018
Green Hill Fire,2018-11-12T17:39:00Z,Humboldt,,11/12/2018
Peak Fire,2018-11-12T10:06:00Z,Ventura,Wildfire,11/12/2018
Sierra Fire,2018-11-13T08:19:00Z,San Bernardino,,11/13/2018
Niles Fire,2018-11-14T14:56:00Z,Alameda,,11/14/2018
Morgan Fire,2018-11-15T13:31:00Z,Contra Costa,,11/15/2018
Briggs Fire,2018-11-15T01:39:00Z,Ventura,,11/15/2018
Bear Fire ,2018-11-16T11:01:00Z,Santa Cruz,,11/16/2018
Honey Flooding,2018-11-29T23:30:00Z,Butte,Flood,11/29/2018
Pilot Fire,2019-01-01T14:14:00Z,Humboldt,,1/1/2019
York Fire,2019-04-28T22:20:00Z,Kings,,4/28/2019
Cana Fire,2019-04-30T12:20:00Z,Butte,,4/30/2019
Woody Fire,2019-04-30T18:37:00Z,Kern,,4/30/2019
Meridian Fire,2019-05-01T16:46:00Z,Butte,,5/1/2019
Vulcan Fire,2019-05-03T15:04:00Z,Kern,,5/3/2019
Refuge Fire,2019-05-07T15:47:00Z,Kern,,5/7/2019
Sugar Fire,2019-05-10T14:14:00Z,Placer,,5/10/2019
Border Fire,2019-05-13T18:46:00Z,San Diego,,5/13/2019
Shady Fire,2019-05-18T22:53:00Z,Riverside,,5/18/2019
Paskenta Fire,2019-05-20T10:57:00Z,Tehama,,5/20/2019
Foothill Fire,2019-05-20T13:50:00Z,Riverside,,5/20/2019
Belmont Fire,2019-05-29T17:10:00Z,San Luis Obispo,,5/29/2019
Hill Fire,2019-05-29T17:18:00Z,Fresno,,5/29/2019
66 Fire,2019-05-29T21:06:00Z,Riverside,,5/29/2019
Diversion Fire,2019-05-30T12:41:00Z,Riverside,,5/30/2019
Canyon Fire,2019-05-30T16:19:00Z,Santa Clara,,5/30/2019
Spruce Fire,2019-06-01T15:49:00Z,Tulare,,6/1/2019
Citrus Fire,2019-06-02T16:12:00Z,Tulare,,6/2/2019
Yokohl Fire,2019-06-03T12:18:00Z,Tulare,,6/3/2019
Bear Fire,2019-06-03T12:18:00Z,Tulare,,6/3/2019
Boulder Fire,2019-06-05T10:49:00Z,San Luis Obispo,,6/5/2019
Willow Fire,2019-06-06T14:24:00Z,Contra Costa,,6/6/2019
Nelson Fire ,2019-06-07T12:59:00Z,Solano,,6/7/2019
Watt Fire,2019-06-07T12:59:00Z,Placer,,6/7/2019
Stuhr Fire,2019-06-07T16:55:00Z,Stanislaus,,6/7/2019
Levee Fire,2019-06-08T13:07:00Z,Yuba,,6/8/2019
Sand Fire,2019-06-08T14:50:00Z,Yolo,,6/8/2019
Ink Fire,2019-06-08T14:37:00Z,Napa,,6/8/2019
West Butte Fire,2019-06-08T14:37:00Z,Sutter,,6/8/2019
Malech Fire,2019-06-09T14:29:00Z,Santa Clara,,6/9/2019
Calaveras Fire ,2019-06-10T15:16:00Z,Santa Clara,,6/10/2019
Springs Fire,2019-06-10T17:51:00Z,Tulare,,6/10/2019
Bitter Fire ,2019-06-10T11:55:00Z,San Luis Obispo,,6/10/2019
Pauma Fire,2019-06-10T14:25:00Z,San Diego,,6/10/2019
McMillan Fire,2019-06-12T12:48:00Z,San Luis Obispo,,6/12/2019
Ardo Fire,2019-06-12T17:23:00Z,Monterey,,6/12/2019
Rocky Fire,2019-06-14T16:14:00Z,Siskiyou,,6/14/2019
32 Fire,2019-06-15T15:29:00Z,Butte,,6/15/2019
IronGate Fire,2019-06-16T20:33:00Z,Siskiyou,Wildfire,6/16/2019
Lumgrey Fire,2019-06-17T17:50:00Z,Siskiyou,,6/17/2019
Weisgarber Fire,2019-06-20T14:56:00Z,San Diego,,6/20/2019
Jerry Fire,2019-06-21T13:02:00Z,Riverside,,6/21/2019
Mountain Fire,2019-06-21T14:42:00Z,Alameda,,6/21/2019
Paskenta Fire,2019-06-22T03:12:00Z,Tehama,,6/22/2019
Scott Fire,2019-06-24T11:57:00Z,Yuba,,6/24/2019
Scott Fire,2019-06-25T13:51:09Z,Yuba,,6/25/2019
Rock Fire,2019-06-26T08:54:24Z,Stanislaus,,6/26/2019
Lonoak Fire,2019-06-26T09:18:22Z,Monterey,,6/26/2019
Trinity Fire,2019-06-26T15:35:00Z,Shasta,,6/26/2019
Mines Fire,2019-06-26T18:06:54Z,Santa Clara,,6/26/2019
Dyer Fire,2019-06-26T22:43:07Z,Placer,,6/26/2019
Nuevo Fire,2019-06-27T16:14:25Z,Riverside,,6/27/2019
Long Fire,2019-06-28T15:03:04Z,Nevada,,6/28/2019
Otay Fire,2019-06-29T11:11:55Z,San Diego,,6/29/2019
Wolf Fire ,2019-06-29T12:54:13Z,Riverside,,6/29/2019
Merced Fire ,2019-06-29T15:09:52Z,Merced,Wildfire,6/29/2019
Mayberry Fire ,2019-06-29T22:07:59Z,Butte,,6/29/2019
Coyote Fire,2019-07-02T16:10:02Z,Santa Clara,Wildfire,7/2/2019
Hollow Fire,2019-07-03T15:34:12Z,San Joaquin,Wildfire,7/3/2019
Bikeway Fire,2019-07-05T09:46:01Z,Alameda,Wildfire,7/5/2019
Fellow Fire,2019-07-05T13:33:56Z,Contra Costa,Wildfire,7/5/2019
Ranch Fire,2019-07-05T14:46:33Z,Shasta,Wildfire,7/5/2019
Snowstorm Fire,2019-07-05T16:37:04Z,Lassen,Wildfire,7/5/2019
Far Fire,2019-07-06T20:21:25Z,Yuba,Wildfire,7/6/2019
Lake Fire,2019-07-08T15:30:14Z,Mariposa,Wildfire,7/8/2019
Gillis Fire,2019-07-08T16:44:08Z,San Luis Obispo,Wildfire,7/8/2019
Sargent Fire,2019-07-09T21:43:36Z,Monterey,Wildfire,7/9/2019
Gibbel Fire ,2019-07-11T16:27:17Z,Riverside,Wildfire,7/11/2019
Border Fire,2019-07-12T13:20:39Z,San Diego,Wildfire,7/12/2019
Lincoln Fire,2019-07-12T17:15:31Z,Riverside,Wildfire,7/12/2019
Mid Fire,2019-07-12T18:40:09Z,Alameda,Wildfire,7/12/2019
Horse Fire,2019-07-12T19:08:54Z,Shasta,Wildfire,7/12/2019
Orange fire,2019-07-13T10:36:00Z,Riverside,Wildfire,7/13/2019
Jasper Fire,2019-07-13T18:42:22Z,State of Nevada,Wildfire,7/13/2019
Doyle Fire,2019-07-14T14:02:31Z,Lassen,Wildfire,7/14/2019
South Fire ,2019-07-14T11:45:00Z,Ventura,Wildfire,7/14/2019
Milton Fire ,2019-07-15T10:49:00Z,Stanislaus,Wildfire,7/15/2019
Aborn Fire,2019-07-15T11:12:00Z,Santa Clara,Wildfire,7/15/2019
Madera Fire ,2019-07-15T18:19:31Z,Madera,Wildfire,7/15/2019
Meadow Fire,2019-07-16T13:45:43Z,Riverside,Wildfire,7/16/2019
Whiskey Fire,2019-07-16T18:44:15Z,San Joaquin,Wildfire,7/16/2019
Goose 2 Fire,2019-07-17T16:13:41Z,Modoc,Wildfire,7/17/2019
Vista Fire,2019-07-17T17:42:04Z,San Diego,Wildfire,7/17/2019
Rains Fire,2019-07-18T09:07:57Z,Stanislaus,Wildfire,7/18/2019
Whiskey Fire,2019-07-18T18:31:00Z,Calaveras,Wildfire,7/18/2019
Valley Fire,2019-07-21T12:01:40Z,Mariposa,Wildfire,7/21/2019
Tejon Fire,2019-07-21T15:30:17Z,Kern,Wildfire,7/21/2019
Canyon Fire,2019-07-22T15:05:34Z,Napa,Wildfire,7/22/2019
Milpas Fire,2019-07-22T19:45:27Z,San Bernardino,Wildfire,7/22/2019
Moms Fire ,2019-07-23T14:41:00Z,Butte,Wildfire,7/23/2019
Marshview Fire,2019-07-24T12:28:45Z,Solano,Wildfire,7/24/2019
Sweigert Fire ,2019-07-24T20:01:44Z,Santa Clara,Wildfire,7/24/2019
Thompson Fire ,2019-07-24T20:09:59Z,San Luis Obispo,Wildfire,7/24/2019
Tree Fire,2019-07-27T10:15:00Z,Siskiyou,Wildfire,7/27/2019
Community Fire,2019-07-27T10:15:00Z,Siskiyou,Wildfire,7/27/2019
Usal Fire,2019-07-27T23:36:00Z,Mendocino,Wildfire,7/27/2019
Star Fire,2019-07-28T13:20:11Z,San Bernardino,Wildfire,7/28/2019
Tucker Fire,2019-07-28T15:58:00Z,Modoc,Wildfire,7/28/2019
Dehesa Fire,2019-07-28T19:51:55Z,San Diego,Wildfire,7/28/2019
Range Fire,2019-07-28T22:39:05Z,Santa Barbara,Wildfire,7/28/2019
Lake Fire,2019-07-29T15:43:48Z,Monterey,Wildfire,7/29/2019
Mill Fire,2019-07-30T13:28:17Z,Monterey,Wildfire,7/30/2019
Carson Fire,2019-07-30T19:27:46Z,El Dorado,Wildfire,7/30/2019
Mesa Fire ,2019-07-31T17:13:53Z,Kern,Wildfire,7/31/2019
Caliente Fire,2019-08-01T14:53:15Z,San Diego,Wildfire,8/1/2019
Browns Fire,2019-08-02T09:23:00Z,Sacramento,Wildfire,8/2/2019
Prairie Fire ,2019-08-02T14:45:00Z,Sacramento,Wildfire,8/2/2019
Meadow Fire (Not a CAL FIRE incident),2019-08-02T16:53:18Z,Modoc,Wildfire,8/2/2019
Marsh Complex,2019-08-03T03:16:00Z,Contra Costa,Wildfire,8/3/2019
Five Fire,2019-08-03T17:01:15Z,Los Angeles,Wildfire,8/3/2019
La Barisa Fire,2019-08-03T17:22:51Z,San Bernardino,Wildfire,8/3/2019
Gilbert Fire,2019-08-04T17:18:21Z,Shasta,Wildfire,8/4/2019
Caliente Fire,2019-08-05T13:56:02Z,Kern,Wildfire,8/5/2019
Toro Fire ,2019-08-05T15:36:23Z,Riverside,Wildfire,8/5/2019
Sellers Fire,2019-08-07T15:13:52Z,Contra Costa,Wildfire,8/7/2019
R-1 Fire,2019-08-07T17:21:13Z,Lassen,Wildfire,8/7/2019
3-2 Willow (Previously H-1 Fire),2019-08-07T18:48:57Z,Lassen,Wildfire,8/7/2019
Golf Fire,2019-08-08T14:55:59Z,Lake,Wildfire,8/8/2019
Preston Fire,2019-08-08T16:16:40Z,Tuolumne,Wildfire,8/8/2019
W1 McDonald Fire,2019-08-08T18:42:41Z,Lassen,Wildfire,8/8/2019
Harte Fire,2019-08-09T15:09:50Z,Alameda,Wildfire,8/9/2019
Ward Fire,2019-08-09T23:08:25Z,State of Oregon,Wildfire,8/9/2019
Heavy Range Fire,2019-08-10T18:47:02Z,Yolo,Wildfire,8/10/2019
Radio Fire,2019-08-12T10:53:10Z,Riverside,Wildfire,8/12/2019
Lower Fire,2019-08-12T14:16:53Z,Shasta,Wildfire,8/12/2019
Moose Fire,2019-08-12T17:10:00Z,Mendocino,Wildfire,8/12/2019
West Fire ,2019-08-13T14:37:54Z,Los Angeles,Wildfire,8/13/2019
Timm Fire ,2019-08-13T15:41:24Z,Solano,Wildfire,8/13/2019
Greenstone Fire ,2019-08-14T16:07:49Z,El Dorado,Wildfire,8/14/2019
Spring Fire ,2019-08-14T12:52:00Z,Colusa,Wildfire,8/14/2019
Bayliss Fire,2019-08-15T13:44:02Z,Santa Clara,Wildfire,8/15/2019
Cottage Fire,2019-08-15T15:09:55Z,Shasta,Wildfire,8/15/2019
Hunter Fire,2019-08-15T15:15:56Z,Mariposa,Wildfire,8/15/2019
Border 9 Fire,2019-08-15T16:24:24Z,San Diego,Wildfire,8/15/2019
Patterson Fire,2019-08-15T17:47:43Z,El Dorado,Wildfire,8/15/2019
Border 8 Fire,2019-08-16T06:14:55Z,Mexico,Wildfire,8/16/2019
Gaines Fire,2019-08-16T14:11:02Z,Mariposa,Wildfire,8/16/2019
Patterson Fire,2019-08-21T17:56:05Z,Alameda,Wildfire,8/21/2019
Mountain Fire,2019-08-22T11:02:09Z,Shasta,Wildfire,8/22/2019
Yucca Fire,2019-08-22T19:31:10Z,Riverside,Wildfire,8/22/2019
Horse Fire,2019-08-24T16:33:58Z,Lassen,Wildfire,8/24/2019
Long Valley Fire ,2019-08-24T17:25:04Z,Lassen,Wildfire,8/24/2019
Ivy Fire,2019-08-25T10:58:28Z,Riverside,Wildfire,8/25/2019
Jamieson Fire,2019-08-25T13:06:49Z,Santa Clara,Wildfire,8/25/2019
Border 10 Fire,2019-08-25T16:15:15Z,"Mexico, San Diego",Wildfire,8/25/2019
Sage Fire,2019-08-27T11:33:56Z,Riverside,Wildfire,8/27/2019
R-1 Fire,2019-08-28T19:48:14Z,Lassen,Wildfire,8/28/2019
Carroll Fire,2019-08-31T12:55:15Z,Alameda,Wildfire,8/31/2019
Creek Fire,2019-08-31T15:31:59Z,Tulare,Wildfire,8/31/2019
Jolon Fire,2019-09-01T16:35:55Z,Monterey,Wildfire,9/1/2019
Snail Fire,2019-09-01T17:37:43Z,Ventura,Wildfire,9/1/2019
Mines Fire,2019-09-02T14:36:35Z,Alameda,Wildfire,9/2/2019
Antelope Fire,2019-09-02T15:40:37Z,San Benito,Wildfire,9/2/2019
Telephone Fire,2019-09-02T20:27:29Z,San Bernardino,Wildfire,9/2/2019
Country Fire,2019-09-03T14:57:31Z,El Dorado,Wildfire,9/3/2019
Deer Fire,2019-09-03T15:36:45Z,Santa Cruz,Wildfire,9/3/2019
Walker Fire,2019-09-04T15:17:31Z,Plumas,Wildfire,9/4/2019
Tenaja,2019-09-04T16:43:36Z,Riverside,Wildfire,9/4/2019
Glass Fire,2019-09-04T16:26:00Z,Lake,Wildfire,9/4/2019
Foster Fire ,2019-09-04T20:33:59Z,San Benito,Wildfire,9/4/2019
Red Bank Fire,2019-09-05T13:19:56Z,Tehama,Wildfire,9/5/2019
Flood Fire ,2019-09-05T14:33:01Z,San Joaquin,Wildfire,9/5/2019
Henthorne Fire,2019-09-05T09:25:00Z,Trinity,Wildfire,9/5/2019
South Fire,2019-09-05T19:59:46Z,Tehama,Wildfire,9/5/2019
Springs Fire,2019-09-06T11:24:11Z,Mono,Wildfire,9/6/2019
Lone Fire,2019-09-06T11:34:27Z,Modoc,Wildfire,9/6/2019
Cow Fire,2019-09-06T12:23:00Z,Inyo,Wildfire,9/6/2019
Broder Fire,2019-09-06T12:39:18Z,Tulare,Wildfire,9/6/2019
Taboose Fire,2019-09-06T12:43:35Z,Inyo,Wildfire,9/6/2019
Forbestown Fire,2019-09-06T15:18:52Z,Butte,Wildfire,9/6/2019
R-6 Fire,2019-09-06T13:20:00Z,Lassen,Wildfire,9/6/2019
Lime Fire,2019-09-07T08:36:32Z,Siskiyou,Wildfire,9/7/2019
Kidder 2 Fire,2019-09-07T08:47:46Z,Siskiyou,Wildfire,9/7/2019
Rams Horn Fire,2019-09-07T08:49:58Z,Trinity,Wildfire,9/7/2019
Oak Fire,2019-09-07T14:00:00Z,Lake,Wildfire,9/7/2019
Swedes Fire,2019-09-07T15:06:00Z,Butte,Wildfire,9/7/2019
Duzel Fire,2019-09-07T18:19:16Z,Siskiyou,Wildfire,9/7/2019
Sycamore Fire,2019-09-07T20:31:46Z,Riverside,Wildfire,9/7/2019
McMurray Fire,2019-09-09T17:42:43Z,Santa Barbara,Wildfire,9/9/2019
Bailey Fire,2019-09-10T10:43:58Z,Riverside,Wildfire,9/10/2019
Stuhr Fire ,2019-09-11T11:25:43Z,Stanislaus,Wildfire,9/11/2019
Redwood Fire,2019-09-12T20:30:41Z,Riverside,Wildfire,9/12/2019
Bridge Fire,2019-09-13T20:00:29Z,Stanislaus,Wildfire,9/13/2019
Horseshoe Fire ,2019-09-14T17:53:00Z,Riverside,Wildfire,9/14/2019
Bar Fire,2019-09-15T15:52:00Z,Siskiyou,Wildfire,9/15/2019
Bautista Fire,2019-09-15T20:13:05Z,Riverside,Wildfire,9/15/2019
Baseline Fire ,2019-09-20T15:02:08Z,Placer,Wildfire,9/20/2019
Reservoir Fire,2019-09-21T11:49:00Z,Santa Clara,Wildfire,9/21/2019
Lopez Fire,2019-09-21T14:26:00Z,San Luis Obispo,Wildfire,9/21/2019
Kennedy Fire,2019-09-21T17:22:00Z,Riverside,Wildfire,9/21/2019
Lynette Fire,2019-09-22T18:25:56Z,Calaveras,Wildfire,9/22/2019
Tulloch Fire,2019-09-23T15:55:57Z,Tuolumne,Wildfire,9/23/2019
Cow Fire,2019-09-24T08:40:45Z,Shasta,Wildfire,9/24/2019
Dehesa Fire ,2019-09-24T15:00:00Z,San Diego,Wildfire,9/24/2019
Electra Fire,2019-09-25T13:13:41Z,Amador,Wildfire,9/25/2019
Willow Fire,2019-09-25T14:17:25Z,San Diego,Wildfire,9/25/2019
Mare Fire,2019-09-26T15:29:06Z,Solano,Wildfire,9/26/2019
Hwy Fire,2019-09-28T17:48:10Z,Butte,Wildfire,9/28/2019
Chaparral Fire,2019-09-29T21:44:45Z,El Dorado,Wildfire,9/29/2019
Warren Fire,2019-09-30T07:07:00Z,Riverside,Wildfire,9/30/2019
Frame Fire,2019-09-30T17:39:00Z,Fresno,Wildfire,9/30/2019
Ranch Fire,2019-10-01T22:35:52Z,San Luis Obispo,Wildfire,10/1/2019
Del Fire,2019-10-03T13:36:04Z,Stanislaus,Wildfire,10/3/2019
Elk Fire,2019-10-04T12:03:48Z,Glenn,Wildfire,10/4/2019
Wilson Fire,2019-10-04T18:38:09Z,Mendocino,Wildfire,10/4/2019
Briceburg Fire,2019-10-06T16:15:12Z,Mariposa,Wildfire,10/6/2019
American Fire,2019-10-06T16:36:50Z,Napa,Wildfire,10/6/2019
Point Fire ,2019-10-07T09:58:51Z,Santa Clara,Wildfire,10/7/2019
Dales Fire,2019-10-07T11:03:29Z,Tehama,Wildfire,10/7/2019
Little Fire,2019-10-08T17:25:12Z,Alameda,Wildfire,10/8/2019
Cross Fire,2019-10-09T06:52:14Z,"Monterey, San Luis Obispo",Wildfire,10/9/2019
Corning Fire ,2019-10-09T08:31:40Z,Tehama,Wildfire,10/9/2019
Inghram Fire,2019-10-09T09:52:52Z,Tehama,Wildfire,10/9/2019
Merrill Fire,2019-10-10T06:42:19Z,Contra Costa,Wildfire,10/10/2019
Eagle Fire,2019-10-10T12:08:00Z,Riverside,Wildfire,10/10/2019
Reche Fire,2019-10-10T14:18:17Z,Riverside,Wildfire,10/10/2019
Sandalwood Fire,2019-10-10T15:38:44Z,Riverside,Wildfire,10/10/2019
Plains Fire,2019-10-10T15:49:07Z,Shasta,Wildfire,10/10/2019
Wolf Fire,2019-10-10T18:36:46Z,Riverside,Wildfire,10/10/2019
Wendy Fire,2019-10-10T21:28:58Z,Ventura,Wildfire,10/10/2019
Saddle Ridge Fire,2019-10-10T21:02:00Z,Los Angeles,Wildfire,10/10/2019
Bitter Fire,2019-10-11T12:30:19Z,San Luis Obispo,Wildfire,10/11/2019
Caples Fire,2019-10-11T12:47:59Z,El Dorado,Wildfire,10/11/2019
Olivas Fire,2019-10-11T15:57:10Z,Ventura,Wildfire,10/11/2019
Horse Fire,2019-10-13T14:45:37Z,Lassen,Wildfire,10/13/2019
Johnson Fire ,2019-10-14T15:32:20Z,Riverside,Wildfire,10/14/2019
Nustar Fire,2019-10-15T16:17:18Z,Contra Costa,Wildfire,10/15/2019
Fairmont Fire,2019-10-15T17:41:57Z,San Diego,Wildfire,10/15/2019
Real Fire,2019-10-17T16:31:00Z,Santa Barbara,Wildfire,10/17/2019
Grove Fire,2019-10-17T20:06:00Z,Lake,Wildfire,10/17/2019
Mud Fire ,2019-10-18T12:17:32Z,Fresno,Wildfire,10/18/2019
Beaumont Fire,2019-10-21T08:16:33Z,San Bernardino,Wildfire,10/21/2019
Palisades Fire,2019-10-21T11:52:52Z,Los Angeles,Wildfire,10/21/2019
Oak Fire,2019-10-22T19:20:44Z,San Diego,Wildfire,10/22/2019
Kincade Fire,2019-10-23T21:27:00Z,Sonoma,Wildfire,10/23/2019
Old Water Fire,2019-10-24T04:53:17Z,San Bernardino,Wildfire,10/24/2019
Muir Fire,2019-10-24T12:15:33Z,Marin,Wildfire,10/24/2019
Nelson Fire ,2019-10-24T14:43:10Z,Butte,Wildfire,10/24/2019
Tick Fire,2019-10-24T14:51:46Z,Los Angeles,Wildfire,10/24/2019
Cabrillo Fire,2019-10-24T20:15:36Z,San Mateo,Wildfire,10/24/2019
Mines Fire,2019-10-24T23:16:18Z,Alameda,Wildfire,10/24/2019
Sawday Fire ,2019-10-25T10:52:04Z,San Diego,Wildfire,10/25/2019
Miller Fire,2019-10-25T15:05:52Z,San Diego,Wildfire,10/25/2019
Rawson Fire,2019-10-27T02:47:20Z,Tehama,Wildfire,10/27/2019
Cypress Complex,2019-10-27T08:50:23Z,Contra Costa,Wildfire,10/27/2019
Sky Fire ,2019-10-27T11:29:03Z,Contra Costa,Wildfire,10/27/2019
Glencove Fire ,2019-10-27T11:52:15Z,Solano,Wildfire,10/27/2019
Burris Fire,2019-10-27T14:54:40Z,Mendocino,Wildfire,10/27/2019
Forest Fire,2019-10-27T17:36:15Z,Contra Costa,Wildfire,10/27/2019
Getty Fire ,2019-10-28T06:46:55Z,Los Angeles,Wildfire,10/28/2019
Easy Fire,2019-10-30T07:45:14Z,Ventura,Wildfire,10/30/2019
Hill Fire ,2019-10-30T11:19:00Z,Riverside,Wildfire,10/30/2019
46 Fire,2019-10-31T06:22:34Z,Riverside,Wildfire,10/31/2019
Copper Fire,2019-10-31T06:39:56Z,San Diego,Wildfire,10/31/2019
Hillside Fire,2019-10-31T06:53:47Z,San Bernardino,Wildfire,10/31/2019
Maria Fire ,2019-10-31T20:58:28Z,Ventura,Wildfire,10/31/2019
Sobrante Fire ,2019-11-01T13:04:34Z,Riverside,Wildfire,11/1/2019
Ranch Fire,2019-11-03T14:16:17Z,Tehama,Wildfire,11/3/2019
Eagle Fire,2019-11-05T06:52:14Z,Lake,Wildfire,11/5/2019
Foothills Fire,2019-11-25T12:39:44Z,Placer,Wildfire,11/25/2019
Cashe Fire ,2019-11-25T12:02:02Z,Yolo,Wildfire,11/25/2019
Cave Fire (No Longer a CAL FIRE Incident),2019-11-25T19:59:12Z,Santa Barbara,Wildfire,11/25/2019
Bear Fire ,2020-02-15T17:48:27Z,Humboldt,Wildfire,2/15/2020
Antelope Fire,2020-02-17T15:04:08Z,Sierra,Wildfire,2/17/2020
Beegum Fire,2020-02-23T08:35:30Z,Tehama,Wildfire,2/23/2020
Wood Fire,2020-02-23T17:50:20Z,Lassen,Wildfire,2/23/2020
Baseball Fire,2020-02-25T14:17:21Z,"Glenn, Mendocino",Wildfire,2/25/2020
Grizzly Fire,2020-03-02T14:08:05Z,Glenn,Wildfire,3/2/2020
Mann Fire,2020-03-03T11:13:50Z,Riverside,Wildfire,3/3/2020
Baker Fire,2020-03-03T15:20:43Z,Yuba,Wildfire,3/3/2020
South Main Fire,2020-03-06T12:44:00Z,Riverside,Wildfire,3/6/2020
Carter Fire ,2020-04-04T20:22:08Z,Imperial,Wildfire,4/4/2020
Red Fire ,2020-04-23T20:52:04Z,Tehama,Wildfire,4/23/2020
Bar Fire,2020-04-25T14:59:00Z,Trinity,Wildfire,4/25/2020
Byron Fire,2020-04-27T14:59:04Z,Contra Costa,Wildfire,4/27/2020
Interstate 5 Fire,2020-05-03T15:52:04Z,Kings,Wildfire,5/3/2020
Hollister Fire,2020-05-07T08:10:19Z,Santa Barbara,Wildfire,5/7/2020
Candy Fire,2020-05-08T14:46:20Z,Butte,Wildfire,5/8/2020
Gilman Fire,2020-05-18T13:38:14Z,Riverside,Wildfire,5/18/2020
Acres Fire,2020-05-21T11:30:00Z,Madera,Wildfire,5/21/2020
Spanish Fire ,2020-05-22T15:27:09Z,Napa,Wildfire,5/22/2020
Range Fire,2020-05-27T19:33:55Z,San Luis Obispo,Wildfire,5/27/2020
Harley Fire,2020-05-28T17:08:59Z,Riverside,Wildfire,5/28/2020
Creek Fire,2020-05-30T17:48:59Z,Contra Costa,Wildfire,5/30/2020
Scorpion Fire,2020-05-31T18:09:09Z,Santa Barbara,Wildfire,5/31/2020
Acres Fire,2020-06-01T15:29:05Z,Madera,Wildfire,6/1/2020
Amoruso Fire,2020-06-01T15:52:43Z,Placer,Wildfire,6/1/2020
Nash Fire,2020-06-01T17:41:59Z,Mendocino,Wildfire,6/1/2020
Horn Fire ,2020-06-02T17:01:52Z,Lassen,Wildfire,6/2/2020
Smoketree Fire,2020-06-02T19:38:16Z,Riverside,Wildfire,6/2/2020
Wildlife Fire,2020-06-03T18:26:25Z,Solano,Wildfire,6/3/2020
Silver Fire,2020-06-04T07:38:05Z,Santa Clara,Wildfire,6/4/2020
Brock Fire,2020-06-04T16:36:17Z,Shasta,Wildfire,6/4/2020
Colleen Fire,2020-06-04T19:36:47Z,Santa Clara,Wildfire,6/4/2020
Karchner Fire,2020-06-05T09:04:00Z,Placer,Wildfire,6/5/2020
Lakeville Fire,2020-06-05T16:56:55Z,Sonoma,Wildfire,6/5/2020
McGary Fire ,2020-06-05T17:09:00Z,Solano,Wildfire,6/5/2020
Gulch Fire,2020-06-06T16:19:20Z,Sonoma,Wildfire,6/6/2020
Quail Fire,2020-06-06T16:36:26Z,Solano,Wildfire,6/6/2020
Willow Fire ,2020-06-06T18:00:51Z,Contra Costa,Wildfire,6/6/2020
Bitterwater Fire,2020-06-07T14:43:51Z,Monterey,Wildfire,6/7/2020
Hunters Fire,2020-06-07T19:15:00Z,Mariposa,Wildfire,6/7/2020
Sperry Fire,2020-06-08T13:55:53Z,Stanislaus,Wildfire,6/8/2020
Grand Fire,2020-06-08T15:45:17Z,Riverside,Wildfire,6/8/2020
Bradley Fire ,2020-06-08T16:16:07Z,Monterey,Wildfire,6/8/2020
Sierra Fire,2020-06-08T17:46:04Z,Riverside,Wildfire,6/8/2020
Oak Fire,2020-06-08T20:50:06Z,Riverside,Wildfire,6/8/2020
Cronan Fire ,2020-06-09T14:35:25Z,El Dorado,Wildfire,6/9/2020
Vineyard Fire ,2020-06-09T15:22:55Z,Mendocino,Wildfire,6/9/2020
India Fire,2020-06-09T21:51:40Z,San Diego,Wildfire,6/9/2020
Elizabeth Fire,2020-06-10T13:11:26Z,Ventura,Wildfire,6/10/2020
Soda Fire,2020-06-10T14:52:42Z,San Luis Obispo,Wildfire,6/10/2020
Lime Fire,2020-06-10T18:30:38Z,Ventura,Wildfire,6/10/2020
Skyline Fire,2020-06-11T13:08:40Z,San Diego,Wildfire,6/11/2020
Border 7 Fire,2020-06-11T16:57:46Z,San Diego,Wildfire,6/11/2020
Watt Fire,2020-06-11T18:25:12Z,Placer,Wildfire,6/11/2020
Grant Fire,2020-06-12T12:41:17Z,Sacramento,Wildfire,6/12/2020
Hog Fire,2020-06-12T17:35:38Z,Fresno,Wildfire,6/12/2020
Cornetts Fire,2020-06-13T14:27:51Z,Mariposa,Wildfire,6/13/2020
Dawson Fire ,2020-06-13T18:32:06Z,Riverside,Wildfire,6/13/2020
Hopland Fire,2020-06-13T18:52:54Z,Mendocino,Wildfire,6/13/2020
Drum Fire,2020-06-14T15:03:45Z,Santa Barbara,Wildfire,6/14/2020
Avila Fire,2020-06-15T16:44:39Z,San Luis Obispo,Wildfire,6/15/2020
Bitter Fire ,2020-06-16T14:11:55Z,San Benito,Wildfire,6/16/2020
Riata Fire ,2020-06-16T14:44:53Z,San Luis Obispo,Wildfire,6/16/2020
Walker Fire,2020-06-16T16:58:00Z,Calaveras,Wildfire,6/16/2020
Nelson Fire ,2020-06-17T12:54:12Z,Butte,Wildfire,6/17/2020
Liberty Fire,2020-06-17T15:49:46Z,San Joaquin,Wildfire,6/17/2020
Gyle Fire,2020-06-17T16:39:25Z,Tehama,Wildfire,6/17/2020
Ridge Fire,2020-06-17T16:54:46Z,Monterey,Wildfire,6/17/2020
Baker Fire,2020-06-17T20:22:58Z,Kern,Wildfire,6/17/2020
Nelson Fire,2020-06-18T16:56:59Z,Placer,Wildfire,6/18/2020
Fork Fire,2020-06-18T20:28:41Z,Tulare,Wildfire,6/18/2020
Teddy Fire,2020-06-18T22:33:51Z,Butte,Wildfire,6/18/2020
Springs Fire,2020-06-19T15:19:44Z,Tulare,Wildfire,6/19/2020
Honcut Fire,2020-06-20T14:24:00Z,Butte,Wildfire,6/20/2020
East Fire,2020-06-20T17:23:41Z,Modoc,Wildfire,6/20/2020
Quarter Fire,2020-06-21T11:33:36Z,Tuolumne,Wildfire,6/21/2020
Hunter Fire,2020-06-21T16:29:28Z,Monterey,Wildfire,6/21/2020
Stage Fire,2020-06-21T21:50:06Z,Monterey,Wildfire,6/21/2020
Grade Fire ,2020-06-22T08:16:27Z,Tulare,Wildfire,6/22/2020
Rico Fire ,2020-06-22T15:55:55Z,Monterey,Wildfire,6/22/2020
River Fire,2020-06-22T13:55:00Z,San Luis Obispo,Wildfire,6/22/2020
Sycamore Fire,2020-06-23T08:23:48Z,Fresno,Wildfire,6/23/2020
R-2 Fire,2020-06-23T21:12:11Z,Lassen,Wildfire,6/23/2020
R-3 Fire,2020-06-24T07:49:19Z,Lassen,Wildfire,6/24/2020
58 Fire,2020-06-24T17:49:08Z,Riverside,Wildfire,6/24/2020
Diablo Fire,2020-06-25T06:47:01Z,Stanislaus,Wildfire,6/25/2020
Bend Fire,2020-06-25T17:28:46Z,San Luis Obispo,Wildfire,6/25/2020
Aurora Fire,2020-06-26T15:13:24Z,Mono,Wildfire,6/26/2020
Indian Fire,2020-06-26T17:07:51Z,Riverside,Wildfire,6/26/2020
Poeville Fire,2020-06-27T19:08:50Z,State of Nevada,Wildfire,6/27/2020
Pass Fire,2020-06-28T13:28:53Z,Merced,Wildfire,6/28/2020
Gage Fire,2020-06-28T15:58:46Z,San Luis Obispo,Wildfire,6/28/2020
Muck Fire ,2020-06-29T12:35:41Z,Lassen,Wildfire,6/29/2020
Avacado Fire,2020-06-30T15:43:01Z,Butte,Wildfire,6/30/2020
Flat Fire,2020-06-30T17:40:16Z,Trinity,Wildfire,6/30/2020
Bena Fire,2020-07-01T16:32:50Z,Kern,Wildfire,7/1/2020
Rowher Fire,2020-07-01T16:43:16Z,Los Angeles,Wildfire,7/1/2020
Bonadelle Fire,2020-07-02T15:27:03Z,Madera,Wildfire,7/2/2020
Soda Fire ,2020-07-03T14:00:40Z,San Luis Obispo,Wildfire,7/3/2020
Mount R Fire,2020-07-03T16:29:04Z,San Bernardino,Wildfire,7/3/2020
Sheridan Fire,2020-07-04T15:04:41Z,Alameda,Wildfire,7/4/2020
Lake Fire,2020-07-05T07:09:01Z,San Luis Obispo,Wildfire,7/5/2020
Park Fire,2020-07-05T07:13:22Z,Santa Clara,Wildfire,7/5/2020
Cotton Fire,2020-07-05T07:30:23Z,Merced,Wildfire,7/5/2020
Kings Fire,2020-07-05T14:39:40Z,Fresno,Wildfire,7/5/2020
Crews Fire,2020-07-05T14:55:49Z,Santa Clara,Wildfire,7/5/2020
Soledad Fire,2020-07-05T17:18:35Z,Los Angeles,Wildfire,7/5/2020
California Fire,2020-07-06T15:32:26Z,Contra Costa,Wildfire,7/6/2020
Patterson Fire,2020-07-06T16:04:20Z,San Joaquin,Wildfire,7/6/2020
Mountain Meadow Fire ,2020-07-06T18:22:56Z,Solano,Wildfire,7/6/2020
Brandon Fire,2020-07-07T16:06:21Z,El Dorado,Wildfire,7/7/2020
Nail Fire,2020-07-07T17:32:13Z,Colusa,Wildfire,7/7/2020
Tripp Fire ,2020-07-09T14:27:09Z,Riverside,Wildfire,7/9/2020
Alum Fire,2020-07-11T10:50:33Z,Santa Clara,Wildfire,7/11/2020
Power Fire,2020-07-11T17:57:49Z,Madera,Wildfire,7/11/2020
Elliot Fire,2020-07-13T12:55:16Z,Riverside,Wildfire,7/13/2020
Robinson Fire,2020-07-13T15:06:35Z,Butte,Wildfire,7/13/2020
Casino Fire,2020-07-13T15:08:00Z,Riverside,Wildfire,7/13/2020
Mineral Fire,2020-07-13T16:40:36Z,Fresno,Wildfire,7/13/2020
Coyote Fire,2020-07-15T14:04:08Z,San Benito,Wildfire,7/15/2020
Ben Fire,2020-07-15T16:44:16Z,Mariposa,Wildfire,7/15/2020
Valley Fire ,2020-07-15T17:18:23Z,Yuba,Wildfire,7/15/2020
Hollow Fire,2020-07-16T18:14:18Z,Alameda,Wildfire,7/16/2020
Pitzer Fire,2020-07-17T14:59:54Z,San Bernardino,Wildfire,7/17/2020
Badger Fire,2020-07-18T17:18:20Z,Siskiyou,Wildfire,7/18/2020
Hog Fire,2020-07-18T17:28:18Z,Lassen,Wildfire,7/18/2020
Platina Fire,2020-07-19T17:05:41Z,Shasta,Wildfire,7/19/2020
Gold Fire,2020-07-20T14:12:25Z,Lassen,Wildfire,7/20/2020
Milepost 21 Fire,2020-07-20T15:44:53Z,Humboldt,Wildfire,7/20/2020
Feather Fire,2020-07-20T16:09:57Z,Butte,Wildfire,7/20/2020
Holland Fire ,2020-07-20T18:04:37Z,Contra Costa,Wildfire,7/20/2020
Easton Fire,2020-07-20T19:10:36Z,San Bernardino,Wildfire,7/20/2020
Rabbit Fire ,2020-07-20T19:15:32Z,Madera,Wildfire,7/20/2020
Iris Fire,2020-07-21T19:26:58Z,Mono,Wildfire,7/21/2020
July Complex,2020-07-24T07:33:21Z,"Siskiyou, Modoc",Wildfire,7/24/2020
Jack Fire,2020-07-24T17:32:36Z,Riverside,Wildfire,7/24/2020
Hill Fire,2020-07-24T17:47:17Z,Colusa,Wildfire,7/24/2020
Karen Fire,2020-07-25T18:16:54Z,Riverside,Wildfire,7/25/2020
Ione Fire ,2020-07-26T12:57:35Z,Sacramento,Wildfire,7/26/2020
Cottonwood Fire,2020-07-27T09:28:40Z,Merced,Wildfire,7/27/2020
Adams Fire,2020-07-27T09:35:49Z,Lassen,Wildfire,7/27/2020
Ridge Fire,2020-07-27T17:19:21Z,Los Angeles,Wildfire,7/27/2020
Lincoln Fire,2020-07-27T18:50:25Z,Humboldt,Wildfire,7/27/2020
Border 11 Fire,2020-07-28T07:49:02Z,San Diego,Wildfire,7/28/2020
Branch Fire,2020-07-28T14:59:38Z,San Luis Obispo,Wildfire,7/28/2020
Brook Fire,2020-07-29T17:24:17Z,San Bernardino,Wildfire,7/29/2020
Clay Fire,2020-07-29T18:05:20Z,Sacramento,Wildfire,7/29/2020
Rabbit Fire,2020-07-30T14:40:11Z,Riverside,Wildfire,7/30/2020
Dam Fire,2020-07-30T15:23:01Z,Los Angeles,Wildfire,7/30/2020
Sheep Fire,2020-07-30T16:14:47Z,Kern,Wildfire,7/30/2020
Apple Fire,2020-07-31T18:08:39Z,Riverside,Wildfire,7/31/2020
Cowhead Fire,2020-07-31T20:06:14Z,Modoc,Wildfire,7/31/2020
Stump Fire,2020-08-01T16:39:21Z,Tehama,Wildfire,8/1/2020
Castaic Fire,2020-08-01T18:04:58Z,Los Angeles,Wildfire,8/1/2020
Pond Fire,2020-08-01T18:44:52Z,San Luis Obispo,Wildfire,8/1/2020
Sophia Fire,2020-08-02T09:12:41Z,El Dorado,Wildfire,8/2/2020
Water Fire,2020-08-02T15:11:20Z,Riverside,Wildfire,8/2/2020
North Fire,2020-08-02T16:51:26Z,Lassen,Wildfire,8/2/2020
Sites Fire ,2020-08-02T17:13:36Z,Colusa,Wildfire,8/2/2020
Post Fire,2020-08-02T20:49:07Z,Los Angeles,Wildfire,8/2/2020
Beale Fire,2020-08-02T22:24:59Z,Yuba,Wildfire,8/2/2020
Elsmere Fire,2020-08-03T15:45:29Z,Los Angeles,Wildfire,8/3/2020
Stagecoach Fire,2020-08-03T17:33:03Z,Kern,Wildfire,8/3/2020
166 Fire,2020-08-03T20:27:11Z,San Luis Obispo,Wildfire,8/3/2020
Trimmer Fire,2020-08-04T09:44:14Z,Fresno,Wildfire,8/4/2020
Pass Fire,2020-08-04T17:18:17Z,San Luis Obispo,Wildfire,8/4/2020
Fort Fire,2020-08-06T08:24:00Z,Kern,Wildfire,8/6/2020
Texas Fire,2020-08-06T15:37:43Z,Los Angeles,Wildfire,8/6/2020
Mina Fire,2020-08-10T18:31:57Z,Mendocino,Wildfire,8/10/2020
Duluth Fire,2020-08-10T18:58:13Z,Placer,Wildfire,8/10/2020
R-1 Fire,2020-08-11T07:37:23Z,Lassen,Wildfire,8/11/2020
Soda Fire,2020-08-12T11:43:49Z,Kern,Wildfire,8/12/2020
Lake Fire,2020-08-12T17:13:02Z,Los Angeles,Wildfire,8/12/2020
Carrizo Fire,2020-08-12T19:12:15Z,San Luis Obispo,Wildfire,8/12/2020
Meiss Fire,2020-08-13T17:01:18Z,Sacramento,Wildfire,8/13/2020
Ranch 2 Fire,2020-08-13T14:49:55Z,Los Angeles,Wildfire,8/13/2020
Feather Fire,2020-08-13T19:03:25Z,Sierra,Wildfire,8/13/2020
Clark Fire,2020-08-14T17:55:25Z,Butte,Wildfire,8/14/2020
Loyalton Fire,2020-08-14T18:52:58Z,Sierra,Wildfire,8/14/2020
Whale Fire,2020-08-15T13:21:11Z,San Luis Obispo,Wildfire,8/15/2020
Hills Fire,2020-08-15T17:00:46Z,Fresno,Wildfire,8/15/2020
3-2 Fire,2020-08-16T07:56:39Z,San Luis Obispo,Wildfire,8/16/2020
Elk Fire,2020-08-16T10:14:46Z,Glenn,Wildfire,8/16/2020
River Fire,2020-08-16T14:56:54Z,Monterey,Wildfire,8/16/2020
August Complex (includes Doe Fire),2020-08-16T20:37:26Z,"Mendocino, Humboldt, Trinity, Tehama, Glenn, Lake, Colusa",Wildfire,8/16/2020
CZU Lightning Complex (Including Warnella Fire) ,2020-08-16T06:41:00Z,"Santa Cruz, San Mateo",Wildfire,8/16/2020
Jones Fire,2020-08-17T06:50:32Z,Nevada,Wildfire,8/17/2020
Beach Fire ,2020-08-17T12:31:38Z,Mono,Wildfire,8/17/2020
4-8 Fire,2020-08-17T14:16:58Z,Glenn,Wildfire,8/17/2020
Holser Fire,2020-08-17T17:08:40Z,Ventura,Wildfire,8/17/2020
Murphy Fire,2020-08-17T20:06:44Z,El Dorado,Wildfire,8/17/2020
"LNU Lightning Complex (includes Hennessey, Gamble, 15-10, Spanish, Markley, 13-4, 11-16, Walbridge)",2020-08-17T06:40:00Z,"Napa, Sonoma, Lake, Yolo, Solano",Wildfire,8/17/2020
SCU Lightning Complex,2020-08-18T09:25:25Z,"Santa Clara, Alameda, Contra Costa, San Joaquin, Stanislaus",Wildfire,8/18/2020
Bell Fire,2020-08-18T10:21:52Z,Tuolumne,Wildfire,8/18/2020
Carmel Fire,2020-08-18T14:24:01Z,Monterey,Wildfire,8/18/2020
3-19 Fire,2020-08-18T15:27:56Z,Mendocino,Wildfire,8/18/2020
Salt Fire,2020-08-18T16:33:32Z,Calaveras,Wildfire,8/18/2020
Creek Fire,2020-08-18T17:58:52Z,Mendocino,Wildfire,8/18/2020
Woodward Fire,2020-08-18T14:27:00Z,Marin,Wildfire,8/18/2020
Butte/Tehama/Glenn Lightning Complex (Tehama/Glenn Zone) ,2020-08-19T09:12:42Z,"Tehama, Glenn",Wildfire,8/19/2020
Flint Fire,2020-08-19T16:44:58Z,Calaveras,Wildfire,8/19/2020
Moc Fire,2020-08-20T14:26:08Z,Tuolumne,Wildfire,8/20/2020
Volcano Fire,2020-08-20T16:18:49Z,San Diego,Wildfire,8/20/2020
Coyote Fire,2020-08-21T14:36:08Z,Santa Clara,Wildfire,8/21/2020
Sheep Fire ,2020-08-22T22:02:57Z,Plumas,Wildfire,8/22/2020
W-5 Cold Springs,2020-08-23T08:24:24Z,Lassen,Wildfire,8/23/2020
Placer Fire,2020-08-25T16:29:58Z,San Luis Obispo,Wildfire,8/25/2020
R-8 Pinecone Fire ,2020-08-26T08:03:48Z,Lassen,Wildfire,8/26/2020
Perry Fire,2020-08-26T13:37:15Z,Placer,Wildfire,8/26/2020
Johnson Fire ,2020-08-28T16:21:25Z,Los Angeles,Wildfire,8/28/2020
Hensley Fire ,2020-08-30T11:11:55Z,Madera,Wildfire,8/30/2020
Hobo Fire ,2020-09-01T09:37:58Z,Trinity,Wildfire,9/1/2020
Slink Fire,2020-09-01T12:38:11Z,Mono,Wildfire,9/1/2020
Catholic Fire,2020-09-01T17:34:38Z,Lake,Wildfire,9/1/2020
Creek Fire,2020-09-04T18:21:00Z,"Fresno, Madera",Wildfire,9/4/2020
El Dorado Fire,2020-09-05T12:51:00Z,"San Bernardino, Riverside",Wildfire,9/5/2020
Valley Fire,2020-09-05T16:02:32Z,San Diego,Wildfire,9/5/2020
Oak Fire,2020-09-07T13:26:45Z,Mendocino,Wildfire,9/7/2020
Fork Fire,2020-09-08T13:03:25Z,El Dorado,Wildfire,9/8/2020
Sperry Fire,2020-09-08T22:27:00Z,Stanislaus,Wildfire,9/8/2020
Willow Fire,2020-09-09T06:04:43Z,Yuba,Wildfire,9/9/2020
Schoolhouse Fire,2020-09-09T15:59:31Z,Siskiyou,Wildfire,9/9/2020
Shackleford Fire,2020-09-11T10:05:44Z,Siskiyou,Wildfire,9/11/2020
Bullfrog Fire,2020-09-12T13:57:57Z,Fresno,Wildfire,9/12/2020
Fox Fire,2020-09-16T11:08:31Z,Siskiyou,Wildfire,9/16/2020
San Antonio Fire ,2020-09-16T16:00:33Z,Santa Barbara,Wildfire,9/16/2020
Snow Fire ,2020-09-17T16:11:01Z,Riverside,Wildfire,9/17/2020
Glass Fire,2020-09-27T03:48:00Z,"Napa, Sonoma",Wildfire,9/27/2020
Zogg Fire,2020-09-27T16:03:27Z,"Shasta, Tehama",Wildfire,9/27/2020
Martindale Fire ,2020-09-28T17:08:09Z,Los Angeles,Wildfire,9/28/2020
Candy Fire,2020-09-29T13:32:00Z,Riverside,Wildfire,9/29/2020
Copper Fire ,2020-09-30T13:09:00Z,Amador,Wildfire,9/30/2020
Pony Fire,2020-10-03T15:38:00Z,Sacramento,Wildfire,10/3/2020
Lambert Fire,2020-10-04T12:46:20Z,Amador,Wildfire,10/4/2020
Fields Fire ,2020-10-07T06:06:33Z,Yuba,Wildfire,10/7/2020
Irvine Fire,2020-10-11T18:04:00Z,Contra Costa,Wildfire,10/11/2020
Diamond Fire,2020-10-13T14:31:29Z,Calaveras,Wildfire,10/13/2020
Bruder Fire,2020-10-15T05:40:14Z,San Bernardino,Wildfire,10/15/2020
Cameron Fire,2020-10-18T20:42:24Z,El Dorado,Wildfire,10/18/2020
Ferry Fire,2020-10-22T14:43:49Z,Butte,Wildfire,10/22/2020
Redwood Fire,2020-10-23T13:52:08Z,Humboldt,Wildfire,10/23/2020
Pope Fire,2020-10-23T17:25:43Z,Napa,Wildfire,10/23/2020
Point Fire (Shasta and Tehama County),2020-10-25T09:56:31Z,"Shasta, Tehama",Wildfire,10/25/2020
Dersch Fire,2020-10-25T12:54:39Z,Shasta,Wildfire,10/25/2020
Olinda Fire,2020-10-25T14:22:27Z,Shasta,Wildfire,10/25/2020
Silverado Fire ,2020-10-26T07:54:50Z,Orange,Wildfire,10/26/2020
Point Fire (Placer County),2020-10-26T08:21:48Z,Placer,Wildfire,10/26/2020
Blue Ridge Fire ,2020-10-26T14:32:41Z,Orange,Wildfire,10/26/2020
Cypress Fire,2020-11-01T17:05:47Z,"Riverside, San Bernardino",Wildfire,11/1/2020
San Dimas Fire,2020-11-06T07:28:52Z,Los Angeles,Wildfire,11/6/2020
257 Fire,2020-11-17T12:47:00Z,,Wildfire,11/17/2020
Airport Fire,2020-12-01T17:27:18Z,Riverside,Wildfire,12/1/2020
Bond Fire,2020-12-02T22:14:00Z,Orange,Wildfire,12/2/2020
Willow Fire,2020-12-02T09:00:51Z,San Diego,,12/2/2020
Cerritos Fire,2020-12-03T02:06:22Z,Riverside,Wildfire,12/3/2020
Thomas Fire,2020-12-03T13:32:00Z,Lassen,Wildfire,12/3/2020
Cornell Fire,2020-12-07T11:44:00Z,Ventura,,12/7/2020
Sanderson Fire,2020-12-13T01:00:00Z,Riverside,Wildfire,12/13/2020
Erbes Fire,2021-01-14T16:00:00Z,Ventura,Wildfire,1/14/2021
North Butano Fire,2021-01-18T21:00:00Z,San Mateo,Wildfire,1/18/2021
China Grade Fire,2021-01-18T21:00:00Z,,,1/18/2021
Manzanita Fire,2021-01-19T12:08:00Z,Madera,Wildfire,1/19/2021
Bonny Doone Complex (Previously Fanning Fire),2021-01-19T06:48:00Z,Santa Cruz,Wildfire,1/19/2021
Wolf Fire,2021-01-19T11:47:00Z,,,1/19/2021
72 Fire,2021-01-19T14:48:24Z,Riverside,Wildfire,1/19/2021
Towsley Fire,2021-01-19T15:04:08Z,,,1/19/2021
Panther Ridge Fire,2021-01-19T15:25:39Z,,Wildfire,1/19/2021
Freedom Fire,2021-01-19T19:13:18Z,,Wildfire,1/19/2021
